"DATE","MSFT","KO","DD","XOM","GE","IBM","CVX","UTX","PG","CAT","BA","PFE","JNJ","MMM","MRK","AA","DIS","HPQ","MCD","JPM","WMT","AXP","INTC","BAC","TRV","VZ","T","HD","CSCO","UNH","mktrf","smb","hml","rf","umd","SP500"
Jan 2000,-0.16167,-0.013948,-0.104364,0.035687,-0.136511,0.040556,-0.034632,-0.185577,-0.074661,-0.091368,0.073906,0.115607,-0.077078,-0.043423,0.173023,-0.160392,0.241453,-0.048352,-0.072868,0.043894,-0.207957,-0.007669,0.201974,-0.034869,-0.103896,0.012345,-0.115513,-0.176364,0.02217,-0.002353,-0.0473,0.0437,0.0024,0.0041,0.019,-0.050904
Feb 2000,-0.086845,-0.153428,-0.138136,-0.092105,-0.009355,-0.083563,-0.099103,-0.034002,-0.130489,-0.173785,-0.166798,-0.109775,-0.160145,-0.051883,-0.218874,-0.013453,-0.077453,0.242494,-0.153846,-0.013168,-0.107306,-0.185508,0.142438,-0.050323,-0.258799,-0.209889,-0.112245,0.020971,0.207192,-0.035377,0.0245,0.2202,-0.1268,0.0043,0.1839,-0.020108
Mar 2000,0.188811,-0.031208,0.048267,0.034855,0.178735,0.148418,0.237657,0.240491,-0.357041,0.124777,0.023689,0.138132,-0.024306,0.004252,0.013848,0.025547,0.231343,-0.010892,0.181818,0.094976,0.157238,0.109921,0.167589,0.150815,0.537207,0.249042,0.106732,0.116368,0.16974,0.166846,0.052,-0.1639,0.0767,0.0047,-0.0685,0.09672
Apr 2000,-0.343529,0.006658,-0.103896,-0.003208,0.010442,-0.055085,-0.079108,-0.015826,0.063186,0.008241,0.049587,0.152137,0.174377,-0.021877,0.118712,-0.076512,0.05,0.015992,0.018395,-0.167254,-0.019912,0.005388,-0.038844,-0.065554,0.043956,-0.024376,0.046083,-0.124031,-0.103274,0.118449,-0.064,-0.0773,0.0913,0.0046,-0.0846,-0.030796
May 2000,-0.103047,0.12963,0.040316,0.078069,0.005167,-0.03583,0.093539,-0.024925,0.112971,-0.030111,-0.01222,0.06,0.088727,-0.003405,0.077914,-0.095376,-0.031746,-0.109722,-0.059113,0.035529,0.047404,0.083612,-0.01652,0.141582,0.052632,-0.107595,-0.002853,-0.136062,-0.178724,0.118088,-0.0443,-0.0485,0.0372,0.005,-0.0909,-0.021915
Jun 2000,0.278721,0.079297,-0.107143,-0.057764,0.005931,0.020373,-0.082488,-0.025853,-0.139098,-0.114379,0.0704,0.077139,0.138268,-0.037901,0.026801,-0.007487,-0.074516,0.29448,-0.080279,-0.074895,-0.005431,-0.034722,0.07218,-0.224352,-0.0828,-0.039007,-0.010014,0.023867,0.116356,0.150042,0.0464,0.137,-0.1005,0.004,0.1653,0.023934
Jul 2000,-0.127344,0.067465,0.035714,0.019108,-0.026903,0.026241,-0.068534,-0.008493,-0.000437,0.015572,0.171898,-0.101563,-0.086503,0.091667,-0.064437,0.043103,-0.003221,-0.125626,-0.043643,0.085645,-0.046638,0.089065,-0.001403,0.101744,0.302198,-0.074948,-0.010029,0.036295,0.029499,-0.045918,-0.0245,-0.028,0.0851,0.0048,-7e-04,-0.016341
Aug 2000,0,-0.141692,-0.001931,0.025812,0.140948,0.175142,0.077848,0.073019,0.086813,0.078899,0.097245,0.004986,-0.00865,0.039056,-0.020541,0.103306,0.006462,0.105896,-0.051587,0.124528,-0.136519,0.042999,0.121948,0.141161,0.07173,-0.071809,-0.01909,-0.070483,0.048711,0.15508,0.0714,-0.0089,-0.0128,0.005,0.0577,0.060699
Sep 2000,-0.136079,0.050736,-0.076602,0.091884,-0.014711,-0.147727,0.008876,0.109109,0.083923,-0.081633,0.174825,0.039017,0.021754,-0.020161,0.065295,-0.238722,-0.017657,-0.195362,0.01046,-0.173378,0.015758,0.027484,-0.444908,-0.02217,0.041102,0.110315,0.197605,0.104031,-0.1949,0.044974,-0.0544,-0.0187,0.0685,0.0051,0.0222,-0.053483
Oct 2000,0.141969,0.095238,0.095023,0.000701,-0.049837,-0.124444,-0.036657,0.008123,0.071455,0.048963,0.076389,-0.038943,-0.019295,0.060357,0.208228,0.133333,-0.063725,-0.041237,0.026915,-0.007957,-0.057143,-0.011029,0.082707,-0.082339,0.03929,0.201497,0.158825,-0.189635,-0.024887,0.107595,-0.0277,-0.0366,0.0479,0.0056,-0.0468,-0.004949
Nov 2000,-0.166969,0.040083,-0.05978,-0.008381,-0.095781,-0.049442,0.004871,0.017547,0.048119,0.121212,0.020498,0.028133,0.088955,0.039638,0.030577,-0.013072,-0.191972,-0.319892,0.035161,-0.18956,0.150138,-0.084375,-0.153722,-0.157399,-0.021951,-0.028108,-0.047671,-0.087733,-0.111369,0.072571,-0.1073,-0.031,0.1242,0.0051,-0.025,-0.080069
Dec 2000,-0.244009,-0.026946,0.141802,-0.012074,-0.029559,-0.090909,0.031298,0.110327,0.047579,0.203498,-0.044344,0.038082,0.050625,0.206508,0.013783,0.18847,0.007257,0.000553,0.066667,0.232203,0.019114,0,-0.210181,0.14867,0.088928,-0.107898,-0.13083,0.165869,-0.201044,0.046351,0.0119,0.0155,0.0613,0.005,0.0681,0.004053
Jan 2001,0.407781,-0.048205,-0.095265,-0.032063,-0.040834,0.317647,-0.013708,-0.046359,-0.079649,-0.058177,-0.113636,-0.018478,-0.113575,-0.081743,-0.122243,0.101194,0.052268,0.167525,-0.136765,0.217277,0.069176,-0.141206,0.230769,0.173188,-0.115857,0.10394,0.01788,0.054993,-0.021242,-0.080896,0.0312,0.0703,-0.057,0.0054,-0.2497,0.034637
Feb 2001,-0.033777,-0.08569,0.00755,-0.03161,0.011309,-0.106875,0.036383,0.042078,-0.018653,-0.059249,0.066154,-0.000886,0.048534,0.024401,-0.024093,-0.026674,0.01642,-0.217096,0.001704,-0.151482,-0.118134,-0.068365,-0.2275,-0.061501,-0.036027,-0.099181,-0.013444,-0.118257,-0.367279,0.049991,-0.1008,-0.0115,0.1387,0.0039,0.1259,-0.092291
Mar 2001,-0.073093,-0.145012,-0.068437,-0.000617,-0.096344,-0.037237,0.024982,-0.059171,-0.112057,0.066827,-0.104341,-0.09,-0.101305,-0.078492,-0.049377,0.005313,-0.075929,0.086655,-0.096939,-0.03772,0.009583,-0.058797,-0.078775,0.096096,-0.042342,-0.00404,-0.064361,0.015059,-0.332454,0.001013,-0.0727,0.0055,0.0636,0.0044,0.0838,-0.064205
Apr 2001,0.238857,0.022808,0.110319,0.093827,0.159341,0.19713,0.099772,0.065211,-0.035144,0.138801,0.109316,0.057387,0.103007,0.145428,0.000922,0.151599,0.057692,-0.090822,0.035782,0.076169,0.024554,0.02954,0.174727,0.022831,0.023837,0.124848,-0.069992,0.092807,0.073834,0.104961,0.0795,0.0027,-0.0436,0.0039,-0.0815,0.076814
May 2001,0.021107,0.026196,0.034521,0.006659,0.009685,-0.027792,0.00145,0.069864,0.069775,0.078884,0.020388,-0.006928,0.008603,0.001428,-0.034751,0.045894,0.045289,0.031305,0.101091,0.024385,0.000193,-0.00754,-0.125526,0.068036,0.121951,-0.003995,0.043636,0.046497,0.134276,-0.121869,0.0073,0.0299,0.0277,0.0032,0.0213,0.00509
Jun 2001,0.055218,-0.046835,0.039655,-0.015549,-0.005102,0.010733,-0.057782,-0.120634,-0.006849,-0.075886,-0.115917,-0.066216,0.03146,-0.03778,-0.124401,-0.086906,-0.086338,-0.021828,-0.106341,-0.092574,-0.055652,-0.078822,0.082932,0.013165,0.00751,-0.024613,-0.069454,-0.054778,-0.055036,0.073913,-0.0193,0.0638,-0.0214,0.0028,0.0028,-0.025004
Jul 2001,-0.093288,-0.008889,-0.112355,-0.043847,-0.10441,-0.068938,0.009834,0.001911,0.119122,0.107892,0.052698,0.029214,0.082,-0.019457,0.063683,-0.004315,-0.08792,-0.137762,0.076866,-0.021525,0.145492,0.041495,0.019145,0.059803,-0.135109,0.019346,0.13046,0.082062,0.056044,0.091822,-0.0213,-0.0422,0.0562,0.003,0.0555,-0.010772
Aug 2001,-0.138087,0.091256,-0.03503,-0.033046,-0.057931,-0.048665,0.000109,-0.065054,0.044072,-0.092559,-0.12233,-0.067928,-0.022366,-0.064176,-0.037217,-0.024471,-0.034915,-0.0588,0.030542,-0.090069,-0.140429,-0.09695,-0.061389,-0.033323,-0.041505,-0.076639,-0.091495,-0.086956,-0.150364,0.009493,-0.0646,0.0213,0.0337,0.0031,0.0557,-0.064108
Sep 2001,-0.103068,-0.033696,-0.084208,-0.01868,-0.088336,-0.082341,-0.066116,-0.320175,-0.018341,-0.104,-0.345703,0.046724,0.051034,-0.054755,0.023041,-0.186516,-0.267794,-0.305041,-0.096237,-0.133249,0.031634,-0.202087,-0.268956,-0.041301,-0.01261,0.0822,0.151797,-0.164962,-0.254133,-0.022921,-0.0926,-0.0661,0.018,0.0028,0.1155,-0.081723
Oct 2001,0.136408,0.021985,0.065832,0.001269,-0.021237,0.17826,0.044838,0.158925,0.018821,0.006027,-0.026866,0.044888,0.045307,0.060772,-0.041892,0.045469,-0.001611,0.048598,-0.039425,0.045388,0.038384,0.015485,0.194716,0.010103,0.113537,-0.072353,-0.185776,-0.003649,0.389163,-0.011278,0.0247,0.0688,-0.0703,0.0022,-0.0843,0.018099
Nov 2001,0.104213,-0.015455,0.117529,-0.046134,0.057402,0.07088,-0.032072,0.121266,0.049878,0.060376,0.081902,0.036277,0.008979,0.103468,0.061746,0.196157,0.10113,0.306595,0.038166,0.066742,0.072957,0.118247,0.338247,0.040515,0.025708,-0.056414,-0.019155,0.221554,0.208038,0.086692,0.0754,0.0038,0.0069,0.0017,-0.0857,0.075176
Dec 2001,0.031771,0.004046,-0.041272,0.050802,0.045714,0.046457,0.054111,0.073588,0.021559,0.101856,0.104843,-0.079889,0.014592,0.031681,-0.126937,-0.079016,0.022472,-0.062301,-0.013785,-0.03632,0.044787,0.084473,-0.037048,0.035354,-0.06011,0.009787,0.047886,0.093462,-0.113992,-0.009517,0.016,0.0514,0.0043,0.0015,-3e-04,0.007574
Jan 2002,-0.03834,-0.07211,0.03905,-0.006361,-0.073104,-0.108052,-0.064836,0.063438,0.037028,-0.031005,0.055957,0.045671,-0.026904,-0.060993,0.006463,0.008439,0.016409,0.076436,0.026823,-0.05392,0.042224,0.006725,0.114149,0.001271,0.016602,-0.015276,-0.037369,-0.018036,0.093319,0.050586,-0.0144,0.0112,0.0345,0.0014,0.0369,-0.015574
Feb 2002,-0.084288,0.0832,0.068372,0.063508,0.041184,-0.089258,0.01599,0.064964,0.038075,0.104017,0.126496,-0.013919,0.062076,0.068018,0.03633,0.052162,0.092118,-0.090005,-0.039735,-0.140969,0.033845,0.016736,-0.184646,0.024116,0.09396,0.009709,0.010414,-0.001797,-0.279293,-0.025017,-0.0229,-0.0161,0.0391,0.0013,0.068,-0.020766
Mar 2002,0.033768,0.106985,0.006618,0.061259,-0.027273,0.059927,0.069043,0.017135,0.062507,0.02414,0.049826,-0.029785,0.066502,-0.02476,-0.055438,0.004525,0.003478,-0.104374,0.063218,0.218803,-0.01024,0.123731,0.065149,0.063643,-0.056442,-0.014957,-0.010571,-0.0268,0.186405,0.054628,0.0424,0.043,0.0117,0.0013,-0.0172,0.036739
Apr 2002,-0.133477,0.062189,-0.056204,-0.083505,-0.157543,-0.194615,-0.039437,-0.054313,0.006105,-0.033069,-0.075648,-0.085305,-0.016782,0.093818,-0.05627,-0.098304,0.004333,-0.046823,0.023423,-0.005891,-0.088744,0.003174,-0.059191,0.065569,0.086369,-0.121583,-0.163194,-0.046081,-0.134672,0.149045,-0.052,0.0586,0.0421,0.0015,0.0792,-0.061418
May 2002,-0.025832,0.000901,0.041573,-0.000249,-0.012995,-0.037727,0.014301,-0.015035,-0.007866,-0.043025,-0.03991,-0.044567,-0.036095,0.001987,0.050791,0.032324,-0.011648,0.116374,0.054225,0.024217,-0.031507,0.036576,-0.033904,0.045944,-0.144549,0.072052,0.103992,-0.100927,0.077133,0.034051,-0.0138,-0.0372,0.0254,0.0014,0.0316,-0.009081
Jun 2002,0.074445,0.011519,-0.034783,0.024793,-0.061336,-0.105034,0.014327,-0.014085,0.00543,-0.063516,0.0551,0.011561,-0.148166,-0.019373,-0.107005,-0.052316,-0.175033,-0.19539,-0.049766,-0.056467,0.018207,-0.145613,-0.338523,-0.063976,-0.079794,-0.066279,-0.110528,-0.117774,-0.11597,0.00826,-0.0721,0.0349,0.0156,0.0013,0.0617,-0.072465
Jul 2002,-0.122852,-0.108214,-0.056081,-0.101662,0.108434,-0.022222,-0.152542,0.023564,0.00112,-0.079673,-0.077333,-0.075714,0.01416,0.023008,-0.020537,-0.179487,-0.061905,-0.073953,-0.130053,-0.254127,-0.105981,-0.026982,0.028462,-0.054861,-0.198099,-0.168493,-0.084262,-0.15927,-0.05448,-0.04249,-0.0818,-0.0514,-0.0363,0.0015,0.0341,-0.078995
Aug 2002,0.022926,0.021225,-0.029826,-0.02938,-0.063665,0.072869,0.031067,-0.141942,-0.003821,-0.023714,-0.103083,0.026584,0.028585,-0.002066,0.018548,-0.072458,-0.115623,-0.050883,-0.04,0.057692,0.087434,0.022689,-0.111762,0.053835,-0.025312,-0.060606,-0.105568,0.066386,0.047763,0.007871,0.005,-0.0226,0.0224,0.0014,0.0173,0.004881
Sep 2002,-0.108802,-0.055686,-0.105185,-0.100141,-0.176451,-0.226453,-0.096307,-0.04883,0.008235,-0.147113,-0.079309,-0.122733,-0.004235,-0.119888,-0.088084,-0.230769,-0.034439,-0.125093,-0.256734,-0.280682,-0.07788,-0.13533,-0.166767,-0.08105,-0.046351,-0.114839,-0.187551,-0.205891,-0.241679,-0.01279,-0.1035,0.027,0.0123,0.0014,0.0911,-0.110013
Oct 2002,0.222451,-0.030859,0.14361,0.055172,0.024341,0.353799,-0.023394,0.091698,-0.005818,0.106932,-0.128333,0.094762,0.086354,0.154315,0.186611,0.143005,0.103038,0.353899,0.025481,0.110585,0.08753,0.169019,0.2455,0.094044,0.142061,0.390124,0.29005,0.106513,0.066794,0.042765,0.0783,-0.0298,-0.0649,0.0014,-0.0547,0.086436
Nov 2002,0.078736,-0.013769,0.090182,0.040701,0.074059,0.10299,0.001479,0.016945,-0.044319,0.221542,0.150252,-0.003462,-0.025957,0.027808,0.095317,0.165005,0.186826,0.232911,0.034511,0.213012,0.006536,0.070388,0.208092,0.004011,0.135366,0.10911,0.110678,-0.085873,0.334526,-0.104453,0.0596,0.0317,-0.0157,0.0012,-0.1629,0.05707
Dec 2002,-0.103675,-0.039439,-0.049753,0.004023,-0.095133,-0.108375,-0.008205,-0.008484,0.016681,-0.083768,-0.031131,-0.030447,-0.05805,-0.050443,-0.041071,-0.108415,-0.166498,-0.104723,-0.130811,-0.046484,-0.061503,-0.089905,-0.25431,0.001855,-0.077873,-0.074737,-0.048772,-0.087879,-0.121984,0.025169,-0.0576,-0.0045,0.039,0.0011,0.0965,-0.060333
Jan 2003,-0.082012,-0.077099,-0.10684,-0.02261,-0.049692,0.009032,-0.031288,0.026477,0.000465,-0.030402,-0.042437,-0.001963,-0.001862,0.010138,-0.021551,-0.132133,0.072961,0.00288,-0.114428,-0.013333,-0.053653,0.005092,0.008349,0.0069,-0.04141,-0.002194,-0.088528,-0.129892,0.020611,0.052695,-0.0257,0.014,-0.0088,0.001,0.0155,-0.027415
Feb 2003,0.002107,-0.005932,-0.022445,0.002928,0.047537,-0.001279,0.007298,-0.074788,-0.043356,0.068668,-0.122191,-0.017787,-0.017814,0.011883,-0.047662,0.044512,-0.025143,-0.089604,-0.044242,-0.028278,0.005439,-0.054883,0.100637,-0.011563,-0.054534,-0.096656,-0.148936,0.12201,0.045625,-0.056883,-0.0189,-0.0026,-0.0146,9e-04,0.0122,-0.017004
Mar 2003,0.021519,0.011934,0.059722,0.027337,0.060291,0.006158,0.00748,-0.013657,0.087833,0.046809,-0.090711,0.044936,0.103336,0.03717,0.045308,-0.054634,-0.002345,-0.01388,0.062454,0.045414,0.084478,-0.010423,-0.056779,-0.025419,0.039857,0.022267,-0.035577,0.041365,-0.071531,0.106152,0.0109,0.0077,-0.0167,0.001,0.0155,0.008358
Apr 2003,0.055762,-0.001976,0.094442,0.007153,0.154902,0.082494,-0.028461,0.069747,0.013588,0.076219,0.088587,-0.013158,-0.026093,-0.030685,0.062066,0.190919,0.096357,0.048231,0.182573,0.252214,0.082452,0.141739,0.128378,0.10787,0.079874,0.068317,0.181082,0.154762,0.155624,0.005018,0.0822,0.0115,-6e-04,0.001,-0.0945,0.081044
May 2003,-0.037167,0.12797,-0.00094,0.041193,-0.025467,0.038869,0.140583,0.108558,0.021925,-0.008555,0.130499,0.013659,-0.031405,0.008648,-0.044689,0.073266,0.053055,0.196319,0.095322,0.119591,-0.065874,0.10037,0.134458,0.002026,0.06523,0.012573,0.089897,0.154995,0.094,0.041355,0.0605,0.0478,0.0015,9e-04,-0.1073,0.050899
Jun 2003,0.041853,0.023261,-0.011865,-0.013462,0.005923,-0.062926,0.017761,0.037802,-0.028752,0.067306,0.119009,0.100903,-0.048758,0.019847,0.095898,0.036164,0.005089,0.09641,0.17779,0.04017,0.021859,0.003601,-0.00048,0.07372,0.006014,0.042272,0.003535,0.021237,0.023157,0.04753,0.0142,0.0151,0.0068,0.001,-0.01,0.011322
Jul 2003,0.030031,-0.031028,0.055235,-0.00919,-0.008368,-0.015152,-0.001246,0.062121,-0.009587,0.218469,-0.034965,-0.023133,0.001741,0.08699,-0.087036,0.08902,0.109873,-0.006103,0.043064,0.035401,0.041737,0.058838,0.19606,0.044793,-0.036702,-0.103042,-0.070744,-0.057971,0.16081,0.036617,0.0234,0.0557,-0.0211,7e-04,-0.0033,0.016224
Aug 2003,0.004165,-0.032244,0.026172,0.06661,0.039733,0.011323,0.020663,0.070318,-0.006601,0.064621,0.134058,-0.098621,-0.038038,0.020899,-0.036605,0.033849,-0.064781,-0.058573,-0.025641,-0.02368,0.058308,0.019923,0.149458,-0.040208,-0.011658,0.009143,-0.038527,0.030769,-0.017958,-0.051065,0.0234,0.0267,0.0171,7e-04,-0.0051,0.017873
Sep 2003,0.048265,-0.007813,-0.105722,-0.029178,0.014542,0.077064,-0.019487,-0.037009,0.063352,-0.041626,-0.08184,0.015374,-0.00121,-0.030392,0.013315,-0.084034,-0.016098,-0.024586,0.049955,0.003215,-0.05611,0.000222,-0.037426,-0.005173,0.073648,-0.08154,-0.00935,-0.007463,0.023511,0.018005,-0.0123,0.0055,0.01,8e-04,-6e-04,-0.011944
Oct 2003,-0.053957,0.080075,0.009748,-0.000546,-0.026837,0.013019,0.039888,0.095885,0.063833,0.069872,0.121177,0.040158,0.016357,0.141885,-0.12584,0.206804,0.122459,0.152376,0.062022,0.055636,0.057117,0.043719,0.197311,-0.0296,0.029706,0.047626,0.094944,0.163893,0.068402,0.011129,0.0608,0.0289,0.018,7e-04,0.0367,0.054962
Nov 2003,-0.01645,0.006897,0.034901,-0.003554,-0.01172,0.013634,0.020592,0.016059,-0.020857,0.0378,0.001819,0.067089,-0.015696,0.00634,-0.082486,0.044029,0.019876,-0.025549,0.0412,-0.013928,-0.056149,-0.025996,0.018513,-0.003961,-0.027013,-0.022619,-0.029191,-0.008363,0.084568,0.059355,0.0135,0.0221,0.0146,7e-04,0.016,0.007129
Dec 2003,0.064566,0.091398,0.10685,0.132597,0.087548,0.023636,0.150333,0.105834,0.037822,0.09165,0.097682,0.052428,0.04787,0.075784,0.147044,0.158183,0.019489,0.060258,-0.031213,0.037571,-0.044932,0.057318,-0.044425,0.076892,0.07655,0.06821,0.119845,-0.032644,0.067401,0.079406,0.043,-0.0278,0.0268,8e-04,-0.057,0.050765
Jan 2004,0.01023,-0.029754,-0.043365,-0.005122,0.085539,0.070673,-0.000463,0.008125,0.01657,-0.054445,-0.009255,0.036796,0.034069,-0.069858,0.030303,-0.100526,0.028718,0.035699,0.036649,0.068064,0.01508,0.07485,-0.047738,0.012806,0.062547,0.061716,-0.009877,-0.000564,0.061081,0.046408,0.0215,0.0263,0.0164,7e-04,0.0259,0.017276
Feb 2004,-0.040506,0.014622,0.03508,0.039961,-0.027059,-0.025899,0.031616,-0.032238,0.014147,-0.030462,0.042874,0.005187,0.013665,-0.008977,0.010084,0.100644,0.105417,-0.045397,0.099456,0.05477,0.106035,0.030478,-0.04194,0.005647,0.014479,0.039881,-0.058431,0.023682,-0.099183,0.018397,0.014,-0.0115,0.0042,6e-04,-0.0112,0.012209
Mar 2004,-0.060309,0.011809,-0.06365,-0.013754,-0.061501,-0.04829,-0.006452,-0.063077,0.02312,0.043828,-0.053032,-0.043656,-0.059173,0.049346,-0.073211,-0.074193,-0.058048,0.009247,0.009541,0.022672,0.004365,-0.027518,-0.068493,-0.001709,-0.057089,-0.0467,0.022074,0.030845,0.017703,0.039839,-0.0133,0.0185,4e-04,9e-04,0.0019,-0.016359
Apr 2004,0.048135,0.005368,0.01729,0.023082,-0.018676,-0.039961,0.042379,-0.000464,0.013063,-0.012268,0.039445,0.020257,0.06526,0.056309,0.063589,-0.113577,-0.078431,-0.137478,-0.046902,-0.09559,-0.045066,-0.055931,-0.054044,-0.006051,0.021745,0.043377,0.027404,-0.058084,-0.112855,-0.045934,-0.0183,-0.0254,-0.0169,8e-04,-0.0537,-0.016791
May 2004,0.003827,0.015424,0.01397,0.022797,0.039065,0.006805,-0.004044,-0.015071,0.019574,-0.030619,0.077536,-0.006991,0.036369,-0.018039,0.006383,0.022764,0.019105,0.078173,-0.030481,-0.020213,-0.02,0.035751,0.111154,0.032799,-0.024342,-0.083731,-0.048193,0.020745,0.069823,0.061321,0.0118,-0.0016,-0.0029,6e-04,0.0165,0.012083
Jun 2004,0.08883,-0.012074,0.028241,0.026821,0.047558,-0.004967,0.04104,0.081196,0.009831,0.05428,0.115502,-0.029994,-0.000179,0.064451,0.012051,0.055272,0.086067,-0.002825,-0.015152,0.052389,-0.053293,0.015385,-0.033275,0.027547,0.027218,0.046559,0.023207,-0.017678,0.059455,-0.045977,0.0186,0.0232,0.0166,8e-04,0.0208,0.017989
Jul 2004,-0.002451,-0.131141,-0.034894,0.042558,0.026235,-0.012252,0.016364,0.022081,-0.037472,-0.069738,-0.006655,-0.067678,-0.00772,-0.084991,-0.045263,-0.030276,-0.094155,-0.045024,0.057692,-0.028372,0.004738,-0.021993,-0.116667,0.004609,-0.085595,0.075573,0.057835,-0.042045,-0.1173,0.010442,-0.0407,-0.0382,0.0448,0.001,-0.0237,-0.034291
Aug 2004,-0.038961,0.01938,-0.006065,0.001512,-0.013835,-0.025267,0.027705,0.008128,0.07325,-0.01075,0.032906,0.027534,0.05636,0.004371,-0.008379,0.01561,-0.027718,-0.112159,-0.017455,0.060273,-0.003962,-0.004577,-0.125102,0.058228,-0.064203,0.018422,0.017759,0.086744,-0.10325,0.051351,8e-04,-0.0159,0.0113,0.0011,-0.0154,0.002287
Sep 2004,0.012821,-0.098636,0.012778,0.048373,0.030192,0.012398,0.100308,-0.005644,-0.033053,0.106602,-0.01149,-0.063361,-0.030465,-0.029019,-0.257727,0.037369,0.004454,0.052543,0.03738,0.00379,0.010063,0.028788,-0.057774,-0.026678,-0.040646,0.003312,0.006204,0.07221,-0.035181,0.115076,0.0161,0.0289,0.0036,0.0011,0.0526,0.009364
Oct 2004,0.011573,0.015231,0.001636,0.018415,0.016081,0.046769,-0.010813,-0.005997,-0.049704,0.006215,-0.03332,-0.053922,0.036393,-0.030011,-0.051212,-0.03245,0.118404,-0.0048,0.039957,-0.019884,0.013534,0.033618,0.109671,0.033695,0.027223,0.002666,-0.014547,0.047959,0.061326,-0.018172,0.0143,0.0043,-0.0084,0.0011,-0.0152,0.014014
Nov 2004,0.068645,-0.027054,0.065314,0.046729,0.036342,0.052033,0.036562,0.055053,0.044939,0.136702,0.077555,-0.034888,0.038112,0.030682,-0.105078,0.050154,0.065821,0.071811,0.073413,-0.024611,-0.034495,0.049746,0.007188,0.033043,0.074205,0.054476,-0.003563,0.018379,-0.023946,0.144337,0.0454,0.0417,0.0193,0.0015,0.0323,0.038595
Dec 2004,-0.003357,0.059272,0.082304,0.000195,0.038462,0.046053,-0.038278,0.059131,0.029918,0.065101,-0.033601,-0.031689,0.051393,0.03116,0.1606,-0.075338,0.043155,0.0525,0.042941,0.036122,0.017096,0.011847,0.04513,0.025286,0.022204,-0.017463,0.023838,0.023713,0.0304,0.062523,0.0343,0.0019,-0.0035,0.0016,-0.0285,0.032458
Jan 2005,-0.016467,-0.003602,-0.030377,0.006633,-0.010137,-0.052343,0.035993,-0.025835,-0.029049,-0.082043,-0.0226,-0.101525,0.020183,0.027903,-0.127256,-0.060789,0.029856,-0.065808,0.010293,-0.03435,-0.007951,-0.051446,-0.040188,-0.013194,0.012679,-0.111948,-0.065483,-0.034628,-0.066253,0.009883,-0.0275,-0.0165,0.0266,0.0016,0.0312,-0.02529
Feb 2005,-0.039574,0.031574,0.128049,0.232171,-0.019651,-0.007065,0.148529,-0.003576,-0.00263,0.066779,0.091304,0.096027,0.018315,0,0.130125,0.093528,-0.024101,0.061766,0.021303,-0.020895,-0.015076,0.014995,0.07216,0.006038,0.020778,0.010677,0.012626,-0.030053,-0.034368,0.025422,0.0189,-0.0072,0.0283,0.0016,0.0318,0.018903
Mar 2005,-0.039348,-0.01986,-0.038649,-0.058601,0.024432,-0.012962,-0.060728,0.017821,-0.001695,-0.03798,0.063489,-0.000761,0.023781,0.020848,0.033123,-0.053861,0.028275,0.058654,-0.058646,-0.053352,-0.026158,-0.049123,-0.03168,-0.045016,-0.035752,-0.013066,-0.015378,-0.041979,0.02698,0.046621,-0.0196,-0.0138,0.0175,0.0021,0.0094,-0.019118
Apr 2005,0.046752,0.042477,-0.080601,-0.043121,0.003882,-0.16415,-0.108215,0.00059,0.026981,-0.03259,0.018132,0.03426,0.021888,-0.107597,0.047266,-0.045081,-0.0811,-0.067001,-0.058767,0.035549,-0.05927,0.025891,0.012484,0.021315,-0.02532,0.019859,0.018257,-0.075052,-0.034656,-0.009121,-0.0261,-0.04,-0.0046,0.0021,-0.0083,-0.020109
May 2005,0.022925,0.027394,-0.004882,-0.009469,0.007735,-0.008248,0.042885,0.053283,0.018467,0.068824,0.077789,0.033861,-0.017485,0.007846,-0.043068,-0.060992,0.039394,0.099658,0.055612,0.007326,0.005091,0.021822,0.14966,0.028419,0.058101,-0.011732,-0.017647,0.112525,0.123335,0.028039,0.0365,0.0299,-0.0123,0.0024,0.0041,0.029952
Jun 2005,-0.037209,-0.058257,-0.075253,0.022598,-0.044134,-0.017869,0.039792,-0.037488,-0.043518,0.012751,0.032864,-0.01147,-0.031297,-0.056751,-0.038841,-0.035793,-0.082362,0.047979,-0.103103,-0.012028,0.020538,-0.009285,-0.034866,-0.005613,0.04963,-0.02346,0.015826,-0.008894,-0.016495,0.073281,0.0056,0.0256,0.0278,0.0023,0.0208,-0.000143
Jul 2005,0.030998,0.048144,-0.007673,0.022272,-0.004329,0.124798,0.037375,-0.012658,0.059905,0.136502,0.000152,-0.039159,-0.016,0.037344,0.008442,0.073479,0.018268,0.047214,0.123243,0.00453,0.023859,0.033252,0.043044,-0.044069,0.113585,0.00246,0.043053,0.118509,0.003669,0.003069,0.0392,0.0277,-0.0045,0.0024,4e-04,0.035968
Aug 2005,0.072237,0.005484,-0.064199,0.024511,-0.025797,-0.031632,0.066196,-0.009467,-0.002696,0.029308,0.019088,-0.031321,-0.003752,-0.045733,-0.07888,-0.039572,-0.017551,0.127539,0.041065,-0.035572,-0.085917,0.004364,-0.049374,-0.001605,-0.022944,-0.044406,-0.015133,-0.071018,-0.079895,-0.015296,-0.0122,-0.0088,0.0141,0.003,0.0221,-0.011222
Sep 2005,-0.060263,-0.012045,-0.010109,0.060768,0.008331,-0.004962,0.054235,0.0368,0.071738,0.058749,0.013876,-0.020016,-0.001735,0.031061,-0.036132,-0.088466,-0.04208,0.054755,0.032049,0.00118,-0.025356,0.039826,-0.041602,-0.021613,0.048593,-0.000611,-0.004568,-0.054067,0.017026,0.091262,0.0048,-0.0068,0.0116,0.0029,0.0348,0.006949
Oct 2005,-0.001166,-0.009493,0.064335,-0.116462,0.007128,0.020693,-0.118338,-0.010802,-0.053649,-0.100596,-0.048712,-0.129355,-0.01043,0.035714,0.037119,-0.005323,0.009946,-0.039726,-0.056435,0.089301,0.079644,-0.012667,-0.046653,0.038955,0.003566,-0.023708,0.008448,0.076036,-0.026228,0.030071,-0.02,-0.0103,-0.007,0.0027,-0.0132,-0.017741
Nov 2005,0.080156,0.004441,0.034301,0.038831,0.053377,0.088178,0.01209,0.054212,0.021432,0.098688,0.058787,-0.016099,-0.008623,0.038431,0.05528,0.134623,0.022979,0.058131,0.092405,0.044511,0.026421,0.033152,0.138723,0.060585,0.033311,0.014916,0.044444,0.020468,0.005158,0.03403,0.0362,0.01,-0.0185,0.0031,0.0037,0.035186
Dec 2005,-0.055275,-0.055751,-0.005848,-0.032052,-0.011758,-0.075366,-0.009422,0.038447,0.012065,-0.000173,0.030063,0.1,-0.026721,-0.012487,0.081973,0.078803,-0.027678,-0.032356,-0.00384,0.037647,-0.033155,0.000778,-0.064468,0.005666,-0.035031,-0.058161,-0.016861,-0.031115,-0.023945,0.038089,-0.0025,-0.0051,0.0048,0.0032,0.0076,-0.000952
Jan 2006,0.076482,0.026544,-0.078823,0.117144,-0.065621,-0.010949,0.045975,0.043999,0.028162,0.179678,-0.027477,0.101201,-0.042596,-0.06129,0.084565,0.065269,0.055903,0.089067,0.038256,0.010078,-0.014744,0.02157,-0.148438,-0.041604,0.015894,0.064575,0.073193,0.001729,0.084696,-0.043772,0.0304,0.0533,0.0117,0.0035,0.028,0.025467
Feb 2006,-0.042273,0.014258,0.037292,-0.048765,0.011298,-0.010578,-0.04126,0.005996,0.011818,0.076289,0.068511,0.029206,0.007647,0.017869,0.010435,-0.064444,0.105887,0.052277,-0.002856,0.034969,-0.016265,0.027264,-0.026111,0.036627,-0.052887,0.064435,0.063198,0.039458,0.08993,-0.020027,-0.003,-0.0031,-0.0085,0.0034,-0.0177,0.000453
Mar 2006,0.012653,0.005004,0.048956,0.025097,0.058108,0.027792,0.026381,-0.00906,-0.038378,-0.017378,0.072087,-0.048492,0.027233,0.028537,0.021515,0.042292,-0.003573,0.005181,-0.015755,0.012154,0.045139,-0.024685,-0.05534,0.004144,-0.022336,0.010683,-0.019935,0.007117,0.070652,-0.040185,0.0146,0.0356,-0.0011,0.0037,0.0121,0.011065
Apr 2006,-0.112459,0.00215,0.044776,0.036477,-0.005463,-0.001576,0.052613,0.083491,0.015443,0.058209,0.070833,0.016453,-0.010301,0.128683,-0.022992,0.105366,0.00251,-0.01307,0.006112,0.097983,-0.046782,0.026261,0.026722,0.096179,0.053601,-0.01835,-0.018399,-0.056028,-0.033226,-0.10956,0.0072,-0.0124,0.0308,0.0036,0.0065,0.012187
May 2006,-0.058385,0.049333,-0.027211,-0.029328,-0.00954,-0.02599,-0.011636,-0.000398,-0.06803,-0.036837,0.001198,-0.056455,0.033868,-0.015334,-0.02179,-0.056542,0.090844,-0.002772,-0.040498,-0.060379,0.079669,0.010221,-0.093093,-0.020433,-0.000227,-0.055101,-0.005723,-0.045329,-0.060621,-0.116204,-0.0357,-0.0304,0.0277,0.0043,-0.0373,-0.030917
Jun 2006,0.028698,-0.015898,-0.021867,0.007224,-0.030648,-0.038548,0.037966,0.014395,0.024885,0.020973,-0.016096,-0.00803,-0.004982,-0.034545,0.094323,0.020177,-0.016393,-0.019148,0.012964,-0.015009,-0.005779,-0.020971,0.054384,-0.006198,0.018628,0.073054,0.070223,-0.057188,-0.007622,0.018653,-0.0035,-0.0053,0.0151,0.004,0.0147,8.7e-05
Jul 2006,0.032618,0.034403,-0.046635,0.104156,-0.008192,0.00768,0.059942,-0.019395,0.016367,-0.044441,-0.054816,0.107371,0.043892,-0.128389,0.105408,-0.074475,-0.010333,0.00726,0.053274,0.094286,-0.076188,-0.018978,-0.052632,0.07131,0.027366,0.021947,0.087218,-0.030176,-0.084485,0.068111,-0.0078,-0.0399,0.0327,0.004,-0.022,0.005086
Aug 2006,0.071904,0.006966,0.017146,0.003691,0.041909,0.049864,-0.013074,0.012623,0.101424,-0.063779,-0.028675,0.069642,0.039728,0.025,0.016389,-0.040401,-0.001347,0.145722,0.014411,0.000877,0.008708,0.00922,0.092778,0.009703,-0.041485,0.040213,0.038013,-0.0121,0.229866,0.086138,0.0203,0.0083,-0.0175,0.0042,-0.0347,0.021274
Sep 2006,0.064202,0.004017,0.071804,-0.008423,0.043746,0.01198,0.007143,0.010206,0.001292,-0.008289,0.052737,0.029028,0.00433,0.037936,0.033292,-0.019237,0.042496,0.005744,0.089694,0.028471,0.102862,0.067377,0.051099,0.0408,0.074032,0.055429,0.045936,0.062117,0.04502,-0.052936,0.0184,-0.0124,-0.0042,0.0041,-0.0094,0.024566
Oct 2006,0.049726,0.045658,0.069094,0.064382,-0.005382,0.1268,0.036078,0.037411,0.027751,-0.072796,0.012809,-0.060296,0.037881,0.059393,0.084009,0.031027,0.017794,0.055874,0.071575,0.017462,-0.000811,0.033524,0.037433,0.0056,0.090424,0.007406,0.062116,0.029225,0.050044,-0.008537,0.0323,0.0164,0.0048,0.0041,-0.0026,0.031508
Nov 2006,0.026123,0.00899,0.032751,0.07995,0.004842,-0.001191,0.083929,-0.014075,-0.009465,0.021743,0.112322,0.040525,-0.016543,0.039067,-0.020035,0.083362,0.05054,0.018585,0.025048,-0.024452,-0.064529,0.015741,0.007263,0.010024,0.013299,-0.017271,-0.009927,0.023172,0.115209,0.00615,0.0171,0.0077,0.0048,0.0042,-0.0103,0.016467
Dec 2006,0.01703,0.030322,0.037929,-0.002343,0.062642,0.056897,0.016731,-0.031148,0.023571,-0.011285,0.003502,-0.057839,0.001669,-0.043334,-0.011907,-0.037215,0.046294,0.045869,0.056231,0.043647,0.005369,0.033208,-0.053517,-0.008542,0.041305,0.065827,0.054261,0.057677,0.015608,0.094743,0.0087,-0.0089,0.0251,0.004,0.0082,0.012616
Jan 2007,0.03349,-0.007668,0.01745,-0.033016,-0.031174,0.020587,-0.00884,0.087972,0.014159,0.049568,0.008104,0.013127,0.011815,-0.04658,0.026376,0.081973,0.026262,0.05074,0.000451,0.061491,0.032698,-0.03791,0.035062,-0.015171,-0.052896,0.045247,0.062518,0.014442,-0.025979,-0.027359,0.0141,9e-04,-2e-04,0.0044,0.0026,0.014059
Feb 2007,-0.083927,-0.025063,0.031073,-0.02834,-0.023856,-0.059607,-0.052689,-0.031094,-0.021273,0.005619,-0.021773,-0.037729,-0.05232,0.003499,-0.013408,0.034365,-0.026159,-0.090804,-0.014882,-0.030238,0.013001,-0.023188,-0.047113,-0.022632,-0.001967,-0.029076,-0.022057,-0.028228,-0.025545,-0.001531,-0.0195,0.0138,0.0024,0.0038,-0.0133,-0.021846
Mar 2007,-0.01065,0.035561,-0.025626,0.052595,0.01289,0.014203,0.079393,-0.00975,-0.005198,0.040354,0.018909,0.012019,-0.042428,0.031722,0.00906,0.014666,0.005255,0.022109,0.031128,-0.020449,-0.023598,-0.008264,-0.036757,0.003738,0.025222,0.013904,0.071467,-0.066305,-0.015806,0.015715,0.0068,-0.0026,0.0039,0.0043,0.0252,0.00998
Apr 2007,0.074273,0.087292,-0.00526,0.052087,0.042421,0.084341,0.051785,0.032769,0.025174,0.087871,0.046002,0.047506,0.065715,0.082952,0.164591,0.046903,0.015974,0.049826,0.071698,0.083919,0.02066,0.078369,0.123889,-0.002352,0.045007,0.017537,-0.009003,0.030757,0.047395,0.001699,0.0349,-0.0209,-0.0096,0.0044,-0.0015,0.043291
May 2007,0.028393,0.015329,0.071588,0.052154,0.019533,0.046864,0.05502,0.054894,-0.013199,0.082071,0.085376,0.049887,-0.008331,0.068503,0.019635,0.167935,0.01315,0.084718,0.047017,-0.005182,-0.002087,0.07104,0.036856,0.007269,0.001294,0.140126,0.067665,0.026406,0.006731,0.032228,0.0324,-4e-04,-0.0013,0.0041,-0.003,0.032549
Jun 2007,-0.039756,-0.006416,-0.028287,0.008537,0.026078,-0.012664,0.033746,0.005386,-0.037136,-0.003563,-0.04404,-0.069844,-0.026079,-0.013301,-0.043279,-0.018169,-0.023082,-0.022096,0.004154,-0.065213,0.010714,-0.05848,0.070334,-0.03589,-0.007015,-0.054215,0.00387,0.018137,0.034547,-0.066277,-0.0196,0.0076,-0.0106,0.004,0.0024,-0.017816
Jul 2007,-0.016288,-0.003823,-0.080842,0.014902,0.012539,0.051306,0.012108,0.028761,0.016669,0.010983,0.075603,-0.080563,-0.018176,0.024542,-0.003012,-0.057488,-0.033392,0.0316,-0.056935,-0.083798,-0.044897,-0.0407,-0.005051,-0.030068,-0.050841,0.045057,-0.047831,-0.0554,0.038061,-0.052992,-0.0374,-0.0267,-0.0299,0.004,0.0278,-0.031982
Aug 2007,-0.005519,0.032048,0.051145,0.011159,0.002838,0.058202,0.036125,0.027134,0.055771,-0.038452,-0.061684,0.068907,0.028182,0.028677,0.010473,-0.039267,0.018182,0.072127,0.028828,0.011588,-0.045702,0.001367,0.094941,0.068747,-0.004726,-0.017363,0.018131,0.036723,0.104116,0.032624,0.0092,-0.0014,-0.0236,0.0042,0.001,0.012864
Sep 2007,0.025409,0.074935,0.016615,0.079669,0.072292,0.009512,0.066317,0.078387,0.077017,0.035106,0.085729,-0.016506,0.063279,0.028465,0.037871,0.070901,0.023512,0.010537,0.10599,0.0292,0.000458,0.012794,0.004272,0.004538,0.001781,0.057307,0.061199,-0.153224,0.037904,-0.031594,0.0323,-0.0246,-0.0213,0.0032,0.0461,0.035794
Oct 2007,0.249491,0.074648,-0.001009,-0.006158,-0.005797,-0.014261,-0.02212,-0.048335,-0.006682,-0.044116,-0.060958,0.007368,-0.008067,-0.077153,0.127104,0.01636,0.006979,0.037959,0.096932,0.034046,0.035739,0.029139,0.040217,-0.039586,0.037147,0.050136,-0.0039,-0.028668,-0.00211,0.014867,0.018,0.0021,-0.0197,0.0032,0.0489,0.014822
Nov 2007,-0.084216,0.01101,-0.059584,-0.026959,-0.069728,-0.090768,-0.034532,-0.019585,0.064442,-0.036322,-0.057815,-0.022755,0.045803,-0.030338,0.018881,-0.081334,-0.042737,-0.010062,0.003684,-0.029362,0.0595,-0.032322,-0.026301,-0.044532,0.017238,-0.062079,-0.085666,-0.086481,-0.15245,0.119023,-0.0482,-0.0277,-0.0109,0.0034,0.0088,-0.044043
Dec 2007,0.059524,-0.011755,-0.044637,0.050808,-0.023766,0.027762,0.063347,0.023673,-0.007838,0.009179,-0.054895,-0.04335,-0.015353,0.012731,-0.014656,0.004949,-0.015686,-0.011728,0.007525,-0.043183,-0.003132,-0.118006,0.022239,-0.091697,0.018452,0.011109,0.087673,-0.056723,-0.033908,0.058182,-0.0086,5e-04,-3e-04,0.0027,0.0655,-0.008628
Jan 2008,-0.08427,-0.038618,0.024722,-0.07781,-0.046129,-0.009158,-0.108004,-0.042723,-0.104195,-0.016676,-0.048937,0.027717,-0.053373,-0.055384,-0.206677,-0.094665,-0.075589,-0.133914,-0.090477,0.094616,0.067536,-0.052095,-0.208552,0.070044,-0.105948,-0.101396,-0.064244,0.137342,-0.094936,-0.12646,-0.0635,-0.0077,0.0305,0.0021,-0.0783,-0.061163
Feb 2008,-0.162273,-0.009153,0.036521,0.011111,-0.054016,0.066754,0.047928,-0.033301,0.011617,0.018876,0.00012,-0.032534,-0.012116,-0.009416,-0.039046,0.127531,0.086126,0.092635,0.016891,-0.142405,-0.022665,-0.139019,-0.047517,-0.099887,-0.035135,-0.064641,-0.09509,-0.133486,-0.00449,-0.085759,-0.0309,-0.0055,-3e-04,0.0013,0.0611,-0.034761
Mar 2008,0.043386,0.047725,0.007324,-0.027928,0.116777,0.011242,-0.015001,-0.023968,0.058779,0.0824,-0.101703,-0.060592,0.046966,0.009566,-0.134763,-0.029079,-0.03178,-0.042495,0.030678,0.056581,0.0671,0.03357,0.060596,-0.029945,0.037276,0.003579,0.099627,0.061959,-0.0123,-0.260112,-0.0094,0.0083,0.0028,0.0017,0.0412,-0.00596
Apr 2008,0.004933,-0.032857,0.04598,0.100378,-0.116455,0.048289,0.126406,0.053037,-0.037391,0.050453,0.141051,-0.039178,0.034222,-0.028427,0.002372,-0.030782,0.033461,0.015112,0.068316,0.118277,0.100607,0.10247,0.050991,-0.00976,0.053292,0.071672,0.021149,0.029675,0.064342,-0.050349,0.046,-0.0149,-3e-04,0.0018,-0.0022,0.047547
May 2008,-0.003156,-0.027348,-0.012063,-0.042011,-0.060551,0.076471,0.037962,-0.015317,-0.014914,0.009282,-0.019915,-0.021382,0.00164,0.015084,0.024185,0.16705,0.036078,0.015318,-0.004364,-0.097587,-4.3e-05,-0.034777,0.047619,-0.094033,-0.011706,-0.00026,0.030741,-0.05,0.042122,0.048422,0.0186,0.0298,-0.0034,0.0018,0.032,0.010674
Jun 2008,-0.028602,-0.085575,-0.10478,-0.007098,-0.121094,-0.084215,-0.000202,-0.131475,-0.079334,-0.106728,-0.205992,-0.097624,-0.03596,-0.102759,-0.022844,-0.122444,-0.071429,-0.058861,-0.045937,-0.202093,-0.026671,-0.187271,-0.073339,-0.27933,-0.122666,-0.079802,-0.155639,-0.135782,-0.129491,-0.23268,-0.0844,0.0107,-0.0102,0.0017,0.1253,-0.085962
Jul 2008,-0.065067,-0.009234,0.02145,-0.087371,0.059948,0.079727,-0.146979,0.036953,0.083374,-0.05256,-0.070146,0.068689,0.06419,0.011496,-0.127089,-0.052499,-0.027244,0.013345,0.063501,0.195278,0.04306,-0.009822,0.033054,0.378299,0.01659,-0.026271,-0.073612,0.017506,-0.0546,0.069714,-0.0077,0.0358,0.0369,0.0015,-0.0532,-0.009859
Aug 2008,0.065319,0.011068,0.023739,-0.000249,-0.006716,-0.044929,0.0285,0.030166,0.065516,0.017405,0.079365,0.040707,0.035344,0.024293,0.084194,-0.042963,0.065898,0.047321,0.043235,-0.05267,0.011728,0.068966,0.036954,-0.053496,0.000907,0.031727,0.038299,0.138061,0.093679,0.084402,0.0153,0.0375,0.0148,0.0013,-0.038,0.012191
Sep 2008,-0.021986,0.022854,-0.093159,-0.029371,-0.081495,-0.039185,-0.044486,-0.084312,-0.001147,-0.157359,-0.125229,-0.03506,-0.016328,-0.04595,-0.10457,-0.29723,-0.051314,-0.012788,-0.004839,0.213302,0.013882,-0.107107,-0.181023,0.144509,0.030344,-0.086276,-0.127227,-0.037058,-0.061954,-0.166174,-0.0924,-0.0034,0.044,0.0015,0.0034,-0.090791
Oct 2008,-0.163357,-0.166793,-0.204963,-0.045583,-0.234902,-0.205113,-0.095538,-0.084915,-0.068159,-0.352013,-0.085963,-0.039588,-0.114607,-0.058703,-0.019328,-0.4907,-0.155751,-0.172145,-0.061102,-0.108565,-0.068125,-0.218741,-0.1441,-0.309429,-0.058628,-0.061078,-0.026862,-0.088837,-0.212323,-0.06538,-0.1723,-0.0228,-0.0299,8e-04,0.0783,-0.169425
Nov 2008,-0.08867,0.072401,-0.205056,0.086751,-0.119939,-0.116919,0.067828,-0.109989,-0.002944,0.073037,-0.17913,-0.054207,-0.037496,0.048678,-0.136672,-0.049565,-0.130837,-0.07837,0.022786,-0.232485,0.001254,-0.152364,-0.130435,-0.327679,0.025852,0.100438,0.066866,-0.020348,-0.069218,-0.114623,-0.0786,-0.0363,-0.0494,3e-04,0.0713,-0.074849
Dec 2008,-0.038576,-0.034137,0.009577,-0.003993,-0.038439,0.031373,-0.063789,0.104471,-0.039316,0.089778,0.000938,0.077906,0.021338,-0.140296,0.151946,0.046468,0.023091,0.030896,0.058553,-0.004106,0.007471,-0.204204,0.062319,-0.113846,0.042383,0.038285,-0.002101,0.005842,-0.01451,0.266064,0.0166,0.0397,-0.012,9e-04,-0.0503,0.007822
Jan 2009,-0.12037,-0.056329,-0.09249,-0.041964,-0.251235,0.088997,-0.046641,-0.104664,-0.111938,-0.299978,-0.008437,-0.176736,-0.035768,-0.065172,-0.060855,-0.308171,-0.088585,-0.042436,-0.067053,-0.178877,-0.159472,-0.08841,-0.120055,-0.53267,-0.145133,-0.10531,-0.121754,-0.064726,-0.081595,0.065038,-0.0812,-0.0098,-0.0986,0,-0.0188,-0.085657
Feb 2009,-0.047953,-0.043773,-0.16507,-0.106956,-0.272877,0.009602,-0.129892,-0.141175,-0.116147,-0.202269,-0.246987,-0.133745,-0.125325,-0.14538,-0.152364,-0.178434,-0.189072,-0.164604,-0.090831,-0.104273,0.044992,-0.279139,-0.00155,-0.399696,-0.064441,-0.044861,-0.034525,-0.029726,-0.02672,-0.306389,-0.1009,-0.0035,-0.069,1e-04,0.0429,-0.109931
Mar 2009,0.137461,0.085924,0.190298,0.002945,0.188014,0.052809,0.107561,0.052657,-0.022421,0.136123,0.131679,0.106417,0.052,0.093709,0.121074,0.17817,0.082886,0.107131,0.044402,0.163238,0.063617,0.130182,0.179749,0.729114,0.132503,0.058535,0.06016,0.138583,0.150995,0.066667,0.0895,0.0073,0.026,2e-04,-0.1135,0.085405
Apr 2009,0.102885,-0.020478,0.24944,-0.020999,0.251236,0.065229,-0.016954,0.136342,0.059248,0.287554,0.125632,-0.01909,-0.004563,0.158487,-0.093832,0.235695,0.205947,0.122271,-0.023456,0.243416,-0.03263,0.863536,0.0499,0.309384,0.012303,0.019868,0.032937,0.117148,0.152057,0.123746,0.1019,0.054,0.0542,1e-04,-0.3472,0.093925
May 2009,0.037512,0.141928,0.035125,0.046498,0.065613,0.035074,0.018457,0.085074,0.050566,-0.003373,0.130337,0.148952,0.062834,0.000174,0.137789,0.019846,0.105936,-0.045303,0.106962,0.118182,-0.007688,-0.014671,0.00507,0.262038,-0.011667,-0.035597,-0.032397,-0.120061,-0.042443,0.130952,0.0521,-0.0266,0.0056,0,-0.1247,0.053081
Jun 2009,0.137865,-0.01546,-0.100105,0.008075,-0.123145,-0.017501,-0.0063,-0.012355,-0.016173,-0.068246,-0.052397,-0.012508,0.029732,0.052539,0.027556,0.12039,-0.036746,0.127511,-0.016952,-0.07561,-0.026136,-0.057545,0.052799,0.172138,0.016724,0.050239,0.002017,0.030009,0.008108,-0.060902,0.0043,0.0267,-0.0244,1e-04,0.0531,0.000196
Jul 2009,-0.010517,0.03855,0.20726,0.006866,0.143345,0.129381,0.048604,0.048306,0.094912,0.346247,0.009647,0.062,0.072007,0.173378,0.073319,0.138432,0.076725,0.12031,-0.042268,0.134565,0.029728,0.219019,0.163142,0.120455,0.049464,0.058575,0.072464,0.097757,0.180161,0.123299,0.0772,0.025,0.0473,1e-04,-0.0547,0.074142
Aug 2009,0.053571,-0.021469,0.045587,-0.011649,0.037313,0.005681,0.016554,0.096842,-0.025221,0.02837,0.167327,0.05838,0.000657,0.029637,0.08064,0.027211,0.036624,0.036721,0.030512,0.12445,0.025311,0.193788,0.062857,0.189317,0.170652,-0.032117,-0.006862,0.052043,-0.018628,-0.002138,0.0332,-0.0051,0.0759,1e-04,-0.0887,0.03356
Sep 2009,0.043408,0.109494,0.006577,-0.007809,0.188489,0.013215,0.007006,0.026449,0.070412,0.132863,0.090195,-0.008982,0.007445,0.023578,-0.012951,0.088797,0.054531,0.053464,0.014758,0.008283,-0.034991,0.007688,-0.036909,-0.037521,-0.017652,-0.024807,0.036852,-0.015574,0.089815,-0.105714,0.0408,0.0247,0.014,1e-04,-0.0502,0.035723
Oct 2009,0.078149,-0.007263,-0.009956,0.0446,-0.131547,0.008361,0.086753,0.008534,0.008978,0.080849,-0.117267,0.029003,-0.030218,-0.003117,-0.022131,-0.053354,-0.003277,0.005295,0.026984,-0.045641,0.012019,0.027729,-0.023505,-0.138298,0.011375,-0.006772,-0.034432,-0.058183,-0.031011,0.036342,-0.0259,-0.0422,-0.0437,0,0.0267,-0.019762
Nov 2009,0.065272,0.08066,0.099623,0.0533,0.123422,0.052152,0.028482,0.100488,0.075,0.060479,0.10523,0.076336,0.072481,0.059535,0.170708,0.010467,0.104129,0.033713,0.088551,0.017237,0.098027,0.200631,0.012036,0.087106,0.052219,0.063197,0.049474,0.090474,0.025866,0.104817,0.0556,-0.0265,0.0017,0,0.0037,0.057364
Dec 2009,0.036382,-0.003497,-0.026316,-0.091648,-0.049313,0.036011,-0.013455,0.032273,-0.027586,-0.023977,0.032818,0.001101,0.024984,0.067536,0.019608,0.28754,0.078756,0.051569,-0.012806,-0.019299,-0.01517,-0.031317,0.0625,-0.049211,-0.041993,0.053083,0.04046,0.065607,0.023077,0.063132,0.0275,0.0579,0.0073,1e-04,0.0289,0.017771
Jan 2010,-0.075459,-0.048246,-0.031482,-0.05514,0.062789,-0.065011,-0.063255,-0.027806,0.022431,-0.075978,0.119527,0.025838,-0.024065,-0.02637,0.044882,-0.210298,-0.083721,-0.086197,-0.00016,-0.064315,-0.000374,-0.06614,-0.04902,0.007968,0.016245,-0.097646,-0.080271,-0.031801,-0.061404,0.082677,-0.0336,0.0019,0.0061,0,-0.0534,-0.036974
Feb 2010,0.022001,-0.028203,0.046611,0.015366,0.004975,0.043468,0.011925,0.023637,0.028107,0.092075,0.049175,-0.049839,0.010022,0.002298,-0.034049,0.047133,0.057191,0.079031,0.031555,0.077812,0.011978,0.014073,0.066366,0.097497,0.037892,-0.016655,-0.021688,0.113888,0.082777,0.026061,0.034,0.0144,0.0274,0,0.0362,0.028514
Mar 2010,0.021538,0.051593,0.104389,0.030462,0.13325,0.008572,0.048824,0.072251,-0.000158,0.101665,0.14962,-0.022792,0.034921,0.04267,0.023048,0.070677,0.117478,0.048041,0.044949,0.066238,0.033891,0.085101,0.085728,0.072029,0.031945,0.072243,0.041516,0.044431,0.069873,-0.035145,0.0632,0.0158,0.0203,1e-04,0.037,0.058796
Apr 2010,0.042595,-0.028182,0.069817,0.011794,0.036264,0.005848,0.073981,0.018204,-0.009929,0.090056,-0.002479,-0.025073,-0.013804,0.061027,-0.061847,-0.056882,0.055285,-0.022201,0.058004,-0.047374,-0.035252,0.11779,0.024675,-0.00112,-0.059325,-0.05303,0.024768,0.089026,0.034575,-0.071319,0.02,0.0494,0.0315,0,0.0314,0.014759
May 2010,-0.150811,-0.038354,-0.081827,-0.101372,-0.133086,-0.023953,-0.084111,-0.09533,-0.017214,-0.107652,-0.108104,-0.078349,-0.084915,-0.099639,-0.038527,-0.13105,-0.092834,-0.114682,-0.044907,-0.070456,-0.05178,-0.135516,-0.055276,-0.117218,-0.02503,-0.047751,-0.067536,-0.038887,-0.139993,-0.040911,-0.0789,-8e-04,-0.0233,1e-04,-0.0022,-0.081976
Jun 2010,-0.10814,-0.016342,-0.043683,-0.05607,-0.111927,-0.01421,-0.081359,-0.036658,-0.01817,-0.011356,-0.022281,-0.06369,0.013036,-0.004035,0.049273,-0.135739,-0.057451,-0.057596,-0.014954,-0.075038,-0.049248,0.000251,-0.09197,-0.086404,0.00283,0.018169,-0.004527,-0.164021,-0.079879,-0.018748,-0.0556,-0.0213,-0.0426,1e-04,-0.029,-0.053882
Jul 2010,0.121686,0.099561,0.175773,0.045733,0.117892,0.039844,0.123047,0.095363,0.027706,0.16847,0.085896,0.051893,-0.016424,0.082922,-0.014584,0.110338,0.069524,0.063771,0.0586,0.101612,0.064905,0.124433,0.059126,-0.022965,0.024365,0.123434,0.089706,0.015675,0.08259,0.072183,0.0692,0.0017,0.0022,1e-04,0.0192,0.068778
Aug 2010,-0.085819,0.014017,0.01254,-0.002178,-0.101737,-0.035981,-0.018501,-0.076864,-0.024362,-0.065806,-0.096713,0.072667,-0.009124,-0.075579,0.020313,-0.082587,-0.034135,-0.164857,0.055643,-0.097319,-0.014602,-0.106855,-0.13483,-0.112536,-0.02894,0.016173,0.04202,-0.015915,-0.133723,0.041708,-0.0477,-0.0294,-0.0164,1e-04,-0.0013,-0.047449
Sep 2010,0.043682,0.055071,0.094432,0.045339,0.130525,0.089418,0.094087,0.092317,0.005028,0.207489,0.0885,0.079195,0.086636,0.103883,0.057736,0.185221,0.01721,0.096229,0.019847,0.046755,0.067411,0.054176,0.086895,0.052368,0.070831,0.103623,0.058084,0.138749,0.095822,0.110813,0.0954,0.0384,-0.0302,1e-04,0.0135,0.087551
Oct 2010,0.088812,0.047847,0.059615,0.076064,-0.014154,0.070523,0.019124,0.049698,0.068064,0.004575,0.061617,0.014269,0.028728,-0.028716,-0.013583,0.085054,0.09139,-0.000713,0.043752,-0.009984,0.012145,-0.009279,0.044271,-0.126197,0.059501,0.011583,0.011888,-0.024621,0.043836,0.026773,0.0388,0.0104,-0.023,1e-04,0.0158,0.036856
Nov 2010,-0.046784,0.037345,0.002538,0.05279,-0.01186,-0.010376,-0.011017,0.012371,-0.039327,0.076336,-0.091308,-0.053689,-0.025886,0.003384,-0.050675,0.001142,0.010657,-0.002617,0.014659,-0.006112,-0.001477,0.042451,0.063092,-0.043585,-0.02192,-0.01447,-0.025596,-0.014684,-0.161855,0.013037,0.006,0.0366,-0.0054,1e-04,0.0251,-0.00229
Dec 2010,0.105018,0.041159,0.061502,0.051179,0.164245,0.037466,0.126961,0.045835,0.053381,0.107092,0.023365,0.074233,0.004874,0.027626,0.056571,0.172571,0.038346,0.005962,-0.019668,0.134225,0.002635,-0.006941,-0.006026,0.219178,0.038526,0.117776,0.057215,0.160543,0.055845,-0.007804,0.0682,0.0078,0.0358,1e-04,-0.0321,0.0653
Jan 2011,-0.006628,-0.044397,0.016038,0.103392,0.101148,0.103843,0.040329,0.032774,-0.011164,0.040465,0.064664,0.040548,-0.03363,0.018772,-0.079634,0.076673,0.036257,0.085273,-0.040255,0.060585,0.039681,0.014912,0.020447,0.029235,0.009873,0.009153,-0.048673,0.048774,0.045477,0.136804,0.0201,-0.0246,0.0086,1e-04,-0.003,0.022646
Feb 2011,-0.035528,0.017025,0.090766,0.065568,0.04568,0.003272,0.100495,0.03278,-0.001267,0.061025,0.042458,0.066959,0.036975,0.055278,-0.018089,0.018709,0.125289,-0.045086,0.035564,0.038941,-0.072945,0.00438,0.00891,0.040787,0.065233,0.036496,0.03125,0.019037,-0.122459,0.037272,0.0349,0.0163,0.0167,1e-04,0.0205,0.031957
Mar 2011,-0.044771,0.045213,0.001823,-0.016369,-0.041587,0.007351,0.036048,0.013287,-0.022998,0.081803,0.026663,0.055613,-0.035645,0.01377,0.025177,0.048071,-0.014861,-0.059134,0.005417,-0.012637,0.008369,0.037411,-0.060084,-0.06648,-0.001502,0.043879,0.078577,-0.00427,-0.072737,0.064467,0.0048,0.0262,-0.0122,1e-04,0.0359,-0.001047
Apr 2011,0.020874,0.016883,0.033109,0.045763,0.01995,0.046054,0.018141,0.05824,0.062094,0.040413,0.079129,0.032496,0.109198,0.039679,0.089064,-0.037373,0.000232,-0.014645,0.029176,-0.004772,0.056292,0.089823,0.147175,-0.07877,0.063887,-0.007071,0.030709,0.002428,0.021574,0.089159,0.029,-0.0032,-0.0225,0,8e-04,0.028495
May 2011,-0.028935,-0.009635,-0.054235,-0.04592,-0.039609,-0.005276,-0.034265,-0.014847,0.032357,-0.083268,-0.016671,0.032427,0.032562,-0.023454,0.022253,-0.009412,-0.034107,-0.074065,0.049036,-0.052378,0.011004,0.051345,-0.019819,-0.04316,-0.018963,-0.022499,0.014139,-0.023419,-0.041096,-0.005688,-0.0127,-0.0065,-0.0221,0,-0.0058,-0.013501
Jun 2011,0.039584,0.014219,0.014071,-0.025039,-0.032077,0.015509,-0.019731,0.008431,-0.051194,0.006238,-0.052544,-0.039627,-0.011443,0.00498,-0.029388,-0.056514,-0.062215,-0.023007,0.034094,-0.053192,-0.037668,0.005426,-0.015549,-0.066383,-0.052996,0.008123,-0.004753,0.005237,-0.070833,0.057048,-0.0175,-8e-04,-0.0042,0,0.0176,-0.018258
Jul 2011,0.053846,0.0107,-0.048659,-0.019538,-0.050371,0.060041,0.011474,-0.064061,-0.024461,-0.067725,-0.046801,-0.065583,-0.026007,-0.081286,-0.03287,-0.071248,-0.010758,-0.033791,0.025617,-0.005862,-0.008092,-0.032108,0.007671,-0.114051,-0.05567,-0.039014,-0.05476,-0.035616,0.026906,-0.037805,-0.0234,-0.014,-0.012,0,0.0014,-0.021474
Aug 2011,-0.023358,0.035877,-0.053287,-0.066424,-0.089336,-0.050536,-0.0423,-0.0979,0.035616,-0.078854,-0.045267,-0.003585,0.024387,-0.041428,-0.030325,-0.128988,-0.118073,-0.259881,0.052498,-0.071446,0.016031,-0.006595,-0.089118,-0.15757,-0.084709,0.024795,-0.026658,-0.037217,-0.018785,-0.042515,-0.06,-0.033,-0.0156,1e-04,-0.0035,-0.056791
Sep 2011,-0.064286,-0.034351,-0.171949,-0.018779,-0.057633,0.017218,-0.063234,-0.052391,-0.007852,-0.188571,-0.094975,-0.068493,-0.032067,-0.134852,-0.000453,-0.252344,-0.114504,-0.132924,-0.028647,-0.198083,-0.024253,-0.096761,0.059861,-0.250918,-0.026159,0.017558,0.001405,-0.015279,-0.010849,-0.026042,-0.076,-0.0368,-0.0106,0,-0.0252,-0.071762
Oct 2011,0.069908,0.011249,0.202652,0.075176,0.097897,0.055813,0.134572,0.1083,0.02113,0.285482,0.087258,0.089367,0.010991,0.10071,0.055046,0.124347,0.156499,0.185301,0.057276,0.162351,0.092871,0.131403,0.150223,0.116013,0.197414,0.018478,0.042777,0.089139,0.199355,0.040546,0.1134,0.0358,-0.009,0,-0.0145,0.107723
Nov 2011,-0.031919,-0.009075,0.001248,0.036112,-0.047875,0.022315,-0.013517,-0.011541,0.009064,0.036206,0.050464,0.05244,0.013977,0.032523,0.036232,-0.065985,0.02781,0.050357,0.036295,-0.109033,0.038434,-0.050968,0.023635,-0.20205,-0.03599,0.020281,-0.011259,0.103631,0.005936,0.016253,-0.0026,-0.0026,-0.0017,0,0.04,-0.005059
Dec 2011,0.014855,0.040756,-0.040654,0.053705,0.136392,-0.021915,0.034818,-0.045822,0.033142,-0.074377,0.067841,0.078226,0.013288,0.008514,0.066294,-0.136727,0.062762,-0.074061,0.050356,0.07362,0.020798,-0.01811,-0.026495,0.022059,0.0592,0.063345,0.043478,0.071902,-0.030043,0.042495,0.0074,-0.0057,0.0153,0,0.0189,0.008533
Jan 2012,0.137519,-0.034872,0.111621,-0.012034,0.044668,0.047422,-0.030827,0.071966,-0.047144,0.209492,0.011316,-0.011091,0.005032,0.060932,0.015119,0.174567,0.037333,0.08618,-0.012758,0.129323,0.026774,0.06678,0.089485,0.282374,-0.014703,-0.048853,-0.012897,0.055899,0.089878,0.021902,0.0506,0.0252,-0.0213,0,-0.0795,0.043583
Feb 2012,0.081612,0.034503,0.007271,0.038572,0.027258,0.025337,0.06604,0.07658,0.072652,0.046646,0.016312,-0.00257,-0.003945,0.017068,-0.002613,0.003937,0.079434,-0.095425,0.009389,0.052011,-0.037158,0.054846,0.02536,0.119215,-0.00566,0.011949,0.040122,0.071638,0.011962,0.076463,0.0443,-0.0165,4e-04,0,-0.0028,0.040589
Mar 2012,0.016226,0.066705,0.040315,0.002659,0.053543,0.060591,-0.017504,-0.011089,-0.006063,-0.067332,-0.007738,0.071953,0.013522,0.018379,0.017029,-0.014749,0.042629,-0.053734,-0.011886,0.171763,0.042612,0.093969,0.045945,0.200753,0.02829,0.003149,0.020922,0.063696,0.063883,0.060135,0.0311,-0.0023,-7e-04,0,0.0146,0.031332
Apr 2012,-0.007441,0.031212,0.010586,-0.004497,-0.024415,-0.007525,-0.006063,-0.015674,-0.044755,-0.030886,0.032674,0.011261,-0.013038,0.001681,0.021875,-0.028942,-0.015304,0.039026,-0.006626,-0.058721,-0.037418,0.044072,0.009959,-0.15256,0.086486,0.069317,0.067883,0.029418,-0.043262,-0.047336,-0.0084,-0.0061,-0.002,0,0.0384,-0.007497
May 2012,-0.081993,-0.020833,-0.089226,-0.082696,-0.025026,-0.064371,-0.068975,-0.086355,-0.021213,-0.147417,-0.087891,-0.035371,-0.031644,-0.048791,-0.042304,-0.118191,0.060311,-0.084006,-0.076039,-0.228711,0.124045,-0.072745,-0.082585,-0.092478,-0.028451,0.031204,0.038286,-0.041707,-0.189779,-0.006768,-0.062,-0.001,0.001,1e-04,0.0661,-0.062651
Jun 2012,0.047962,0.053125,0.047866,0.088262,0.100576,0.013893,0.073136,0.019161,-0.016696,-0.030929,0.067375,0.051669,0.082172,0.061486,0.122139,0.023392,0.061037,-0.107496,-0.009066,0.077828,0.059253,0.042629,0.031347,0.112925,0.028965,0.067243,0.043606,0.073977,0.051439,0.052761,0.0388,0.0082,0.0046,0,-0.0114,0.039555
Jul 2012,-0.036613,0.03338,-0.017204,0.014958,-0.004319,0.002045,0.038673,-0.014431,0.06289,-0.00212,-0.005249,0.045217,0.024571,0.018192,0.057964,-0.032,0.013196,-0.092989,0.009375,0.015953,0.067556,-0.005154,-0.035647,-0.10269,-0.01864,0.027003,0.075715,-0.015286,-0.066395,-0.126667,0.0079,-0.0259,2e-04,0,0.0306,0.012598
Aug 2012,0.052596,-0.074257,0.009658,0.011744,-0.001928,-0.001429,0.031758,0.079863,0.04106,0.0133,-0.028007,0.001664,-0.017047,0.021484,-0.025357,0.014168,0.006716,-0.074561,0.009288,0.031667,-0.019246,0.010224,-0.025097,0.088556,0.03336,-0.048737,-0.033755,0.093139,0.196238,0.06283,0.0256,0.0072,0.0059,1e-04,-0.0251,0.019763
Sep 2012,-0.034393,0.020989,0.010452,0.047537,0.10478,0.064665,0.03923,-0.019537,0.032296,0.008321,-0.02528,0.041492,0.021949,-0.001944,0.057259,0.034463,0.056802,0.018483,0.025254,0.08993,0.016529,-0.0247,-0.087596,0.106383,0.061477,0.061248,0.02893,0.063789,0.000786,0.024355,0.0274,0.0049,0.0157,1e-04,-0.0102,0.024236
Oct 2012,-0.040995,-0.019773,-0.114382,-0.003062,-0.072655,-0.06228,-0.054215,-0.00166,0.006373,-0.008252,0.012142,0.000805,0.027717,-0.052153,0.011864,-0.028797,-0.060444,-0.188159,-0.053951,0.037055,0.016531,-0.012135,-0.045244,0.055493,0.039262,-0.009107,-0.070822,0.01673,-0.094789,0.010648,-0.0175,-0.0107,0.0417,1e-04,0.0012,-0.019789
Nov 2012,-0.05939,0.026762,-0.021339,-0.026983,0.003324,-0.018558,-0.033116,0.031794,0.008521,0.00507,0.060761,0.014877,-0.006778,0.044977,-0.029148,-0.01867,0.010994,-0.062094,0.011636,-0.014395,-0.039989,-0.001251,-0.085067,0.05794,-0.001692,-0.011649,-0.013299,0.064842,0.111111,-0.02875,0.0077,0.0067,-0.011,1e-04,0.0037,0.002847
Dec 2012,0.003558,-0.04404,0.042617,-0.018039,0.002366,0.007787,0.023181,0.023717,-0.027782,0.05735,0.01454,0.00237,0.005306,0.020891,-0.06614,0.032105,0.017721,0.107159,0.013442,0.070329,-0.047105,0.028265,0.053923,0.178499,0.020616,-0.019266,-0.012306,-0.049485,0.039101,0.001149,0.0118,0.0166,0.0328,1e-04,-0.0292,0.007068
