"Index","2000061","2000062","2000003"
"1993-01-01",0.000313667637763748,0.000348309078803677,0.000398831719343296
"1993-01-08",0.000402410806605191,0.000428346767041621,0.000499658439442108
"1993-01-15",0.000394058130697816,0.000416868414084171,0.000484001585248084
"1993-01-22",0.000306437876660404,0.00033152473861997,0.000383158274160689
"1993-01-29",0.000355362047671504,0.000405393458087433,0.000468903415697497
"1993-02-05",0.000357592670064522,0.000402875085251386,0.000471571286478456
"1993-02-12",0.000377075815457095,0.00040567362314281,0.000472133491122406
"1993-02-19",0.000292799018186019,0.00032368877240474,0.000365002034691031
"1993-02-26",0.000369003376985644,0.000409311843505789,0.00044909572973939
"1993-03-05",0.000371785114081202,0.000408752453697092,0.00045212997938382
"1993-03-12",0.000370119994318685,0.000414909123619411,0.000468725229955336
"1993-03-19",0.000394892685311676,0.000412390231646631,0.000463656176900917
"1993-03-26",0.000394893872713853,0.000406792805275114,0.000452983816215058
"1993-04-02",0.000391828907076119,0.000402315869461267,0.000457035391220773
"1993-04-09",0.000298638113805261,0.00032311920546424,0.00036295269889397
"1993-04-16",0.000383200206602652,0.000396159286282893,0.000442326269234794
"1993-04-23",0.000374013225425296,0.000391123341097144,0.000436521175097182
"1993-04-30",0.000378188666612544,0.000403714499359609,0.000442753936177098
"1993-05-07",0.000381530451379897,0.000398957259630794,0.000442874353735467
"1993-05-14",0.000386540773431809,0.000402876185373158,0.00044884995875738
"1993-05-21",0.000385427258364324,0.000414069939432604,0.000466688410576399
"1993-05-28",0.000399626166098344,0.000422747776419596,0.000485869106708448
"1993-06-04",0.000321472483828744,0.000339362593458015,0.000396878272836743
"1993-06-11",0.000402131374230175,0.000429186368961609,0.000500823716844234
"1993-06-18",0.000391273751846777,0.000422467535833082,0.000480938499956229
"1993-06-25",0.000387654824632655,0.000427506832443747,0.000483911032659323
"1993-07-02",0.000382086582602748,0.000420227197763801,0.000475165700406732
"1993-07-09",0.000303376734520189,0.000335163470498001,0.000380222928555884
"1993-07-16",0.000372621510678961,0.000417988602563701,0.000472789862216327
"1993-07-23",0.000379304290756943,0.000425827352998009,0.000486304555624484
"1993-07-30",0.00038069508245675,0.000424426497955155,0.000488542697876237
"1993-08-06",0.000392665868923281,0.000424146953380555,0.000485471018027761
"1993-08-13",0.000393501246388928,0.000418555484392513,0.000474855776601224
"1993-08-20",0.000393500679928938,0.00041603949254454,0.000462951557424374
"1993-08-27",0.000394894793565692,0.000415756674366552,0.000457014084854324
"1993-09-03",0.000401295411524005,0.000416039269518276,0.000461034452502673
"1993-09-10",0.000313399785403901,0.000328166780000805,0.000364689751939595
"1993-09-17",0.000389324617163789,0.000410990908840336,0.000460898181754876
"1993-09-24",0.000378746257420515,0.000407912314066561,0.000460228321206069
"1993-10-01",0.000369000348665605,0.000405953286526151,0.000457247953111972
"1993-10-08",0.000355645531574966,0.000410991488176249,0.000457338084937087
"1993-10-15",0.000307838341476963,0.000334323719370033,0.000363444497079479
"1993-10-22",0.000390447376697578,0.000420228446469606,0.000457549851513805
"1993-10-29",0.000384596866831011,0.000423306940307455,0.000469823538384651
"1993-11-05",0.000392675446595492,0.000426106864344078,0.000485747508776946
"1993-11-12",0.000318397432521822,0.000342986818719693,0.000386370570796712
"1993-11-19",0.000401018997264746,0.000431706543303045,0.000483603940097943
"1993-11-26",0.000323407845019164,0.000346905724515567,0.000385821101852812
"1993-12-03",0.000387932236407318,0.000433665926392601,0.000491025380734866
"1993-12-10",0.000385985043744874,0.000426106583976127,0.00048804775165201
"1993-12-17",0.000387377576512193,0.000421907411791267,0.000488771968937041
"1993-12-24",0.000321462875099376,0.000339351402821375,0.000391053686015219
"1993-12-31",0.000389601662784678,0.000420507374025991,0.000492260823071966
"1994-01-07",0.00039628500826927,0.000418828829077178,0.000495981526150047
"1994-01-14",0.000394893376825189,0.000412110532174603,0.000478618506456918
"1994-01-21",0.000308109290056313,0.000327886486069628,0.000382643600910226
"1994-01-28",0.000372341893104089,0.000405114121160732,0.000473340941549383
"1994-02-04",0.000379863185059115,0.000425830763932211,0.000499046111625878
"1994-02-11",0.000414941096556598,0.000451589174992328,0.000524662698240252
"1994-02-18",0.000407977963232442,0.000454110303437449,0.000524369379407696
"1994-02-25",0.000308665153347709,0.000371566594591144,0.000435547427279248
"1994-03-04",0.000396008948463145,0.000480167193507519,0.000573744598468595
"1994-03-11",0.000422180127173988,0.00048885310710256,0.000589745460708668
"1994-03-18",0.000430532668063366,0.000487732080164394,0.000593698069883519
"1994-03-25",0.000434710840540475,0.000482688044513457,0.000598756916459831
"1994-04-01",0.00037130172714761,0.000389763920252584,0.000484965554477634
"1994-04-08",0.000459217603990814,0.000495861408596587,0.000640476734170337
"1994-04-15",0.000459495998659243,0.000493619821624547,0.000637245750037874
"1994-04-22",0.000482893389632144,0.000517170307549275,0.000662400652850836
"1994-04-29",0.000379956482726262,0.000426800122592663,0.000537583666095465
"1994-05-06",0.000476489722275097,0.000559253286155581,0.000709736503541558
"1994-05-13",0.000499884742897416,0.000580863000979148,0.000743018658167616
"1994-05-20",0.000508521022605901,0.000577775213356002,0.000710406664069962
"1994-05-27",0.000512144077221111,0.000578618321759983,0.000711346738029528
"1994-06-03",0.000404180694900225,0.000460739116932007,0.000575049431784214
"1994-06-10",0.000508521370993442,0.000569354929910615,0.00069883834077511
"1994-06-17",0.000499050782692967,0.000571880602167063,0.000700551256742177
"1994-06-24",0.000505734279133696,0.000576372461033037,0.000711658101913981
"1994-07-01",0.000482894236744524,0.000578618318657798,0.000732188668315148
"1994-07-08",0.000414209602779048,0.000474778865986458,0.000592807108858118
"1994-07-15",0.000531925328649985,0.000605013021468093,0.000740621500520566
"1994-07-22",0.000530254273168218,0.000597152489925978,0.000726686893410156
"1994-07-29",0.00053220382941932,0.000609788848971116,0.000736259424561236
"1994-08-05",0.000541679537311879,0.000602488736798135,0.000731482886720203
"1994-08-12",0.000563969365080963,0.000613721164939962,0.000756004737318294
"1994-08-19",0.000574560883978226,0.000624683421772687,0.000753992547726678
"1994-08-26",0.000595189209225744,0.000632564337906594,0.000748160348830407
"1994-09-02",0.000601870437230811,0.00063481968040402,0.000744964808823134
"1994-09-09",0.000469104080138338,0.000507361552575469,0.000602013386136413
"1994-09-16",0.000597971622055882,0.000637887689436845,0.000761955674462023
"1994-09-23",0.000587939778909696,0.000656723596021536,0.000779525791037683
"1994-09-30",0.00059128168626299,0.00064997363883057,0.000792172086267584
"1994-10-07",0.000604662966173786,0.00067190959878638,0.00081539006217346
"1994-10-14",0.000486939433491651,0.000546437217675555,0.000646340841282012
"1994-10-21",0.000608844470959546,0.000684565202292431,0.000812615203625855
"1994-10-28",0.000605509540501759,0.000696939412178521,0.000827713830064525
"1994-11-04",0.00058963294559633,0.000709322402599355,0.000843404938713821
"1994-11-11",0.000495281216670751,0.000580170156099902,0.000688235226514955
"1994-11-18",0.000660141408437731,0.000744509005055294,0.00088038555032699
"1994-11-25",0.000529283273573267,0.00059113579105663,0.00071102483861929
"1994-12-02",0.000685787052561837,0.000769580344214704,0.000924711065110495
"1994-12-09",0.000641471977875119,0.000791839145020345,0.000958806091661435
"1994-12-16",0.000676872053925415,0.00078845361985258,0.000972513603372915
"1994-12-23",0.000592397445829729,0.000764789591094939,0.000963263491964517
"1994-12-30",0.000442902662181277,0.000613991339751374,0.000779112908278368
"1995-01-06",0.000538793867223442,0.000624986033678887,0.000781724351291757
"1995-01-13",0.000700299567357954,0.000787328747771099,0.0009582358840734
"1995-01-20",0.000539349463220429,0.000633715205450081,0.000757465038669247
"1995-01-27",0.000703085821056826,0.000802832205025528,0.000937880220328591
"1995-02-03",0.000705041574704968,0.000810443848487052,0.000920955166775927
"1995-02-10",0.000725126483190008,0.000807624479560509,0.00090822284577019
"1995-02-17",0.000709779044203884,0.000802547554987099,0.000895849722298836
"1995-02-24",0.00055412697412649,0.000638221990723942,0.000697980022237088
"1995-03-03",0.000686909336395702,0.000800294303937577,0.000869519542328501
"1995-03-10",0.000721785682136433,0.000803394686362813,0.000882892284726378
"1995-03-17",0.00075887717414691,0.000802549063049662,0.000863297486177528
"1995-03-24",0.00076864708344071,0.000797474645323426,0.000862189246044087
"1995-03-31",0.000793473138355871,0.000796065760371167,0.000861286322136445
"1995-04-07",0.000777293903609699,0.000792965588121808,0.000863572656221612
"1995-04-14",0.000622147290138431,0.0006283201259909,0.000679242001825786
"1995-04-21",0.000760830499077159,0.000783383406569804,0.000836298411588166
"1995-04-28",0.000768640447337043,0.000789303184892898,0.000841991530180053
"1995-05-05",0.00074911543584455,0.000787609185617155,0.000829078805624217
"1995-05-12",0.000759437040026567,0.000786766717186138,0.000808567762478507
"1995-05-19",0.000771712672496871,0.000793247940990005,0.000813251120269642
"1995-05-26",0.0007739470117889,0.000793810205402368,0.000801639081405181
"1995-06-02",0.000607954167752833,0.000619621513648028,0.000618931660067767
"1995-06-09",0.000754135188922866,0.000775776834821773,0.000767691198721332
"1995-06-16",0.00074520819767554,0.000765633682531242,0.000772206464082714
"1995-06-23",0.000719540633749682,0.000755772914418751,0.000760746009102586
"1995-06-30",0.000693055784322993,0.000758029132698068,0.000767743941390009
"1995-07-07",0.000575332065687162,0.000603860940398215,0.000604853336880984
"1995-07-14",0.000721496947461597,0.000750987144918724,0.000749234073146754
"1995-07-21",0.00072038644109651,0.000757746077992838,0.000768279434799624
"1995-07-28",0.000740187827380501,0.000758308218584247,0.00077434133860188
"1995-08-04",0.000745485755779152,0.000756055667719302,0.000773818779134183
"1995-08-11",0.000742139908416428,0.000754084283344891,0.000776226829367843
"1995-08-18",0.000741301636623337,0.000758590861194008,0.000792976232630416
"1995-08-25",0.000723726960563331,0.000754386528306394,0.00078674101245646
"1995-09-01",0.00073320986270109,0.000740036126888777,0.000769253091127631
"1995-09-08",0.000593453348314954,0.000594277715891378,0.000614133945523232
"1995-09-15",0.000735999908008989,0.000741973633429538,0.000766153204928788
"1995-09-22",0.000714246361861903,0.000730430526229231,0.000768125735457259
"1995-09-29",0.000717867202342237,0.000736905372906937,0.000780597405685146
"1995-10-06",0.000713689012969754,0.000734092231058581,0.000763816941044659
"1995-10-13",0.000570581336996057,0.000589772391268895,0.000609336753354839
"1995-10-20",0.000709502283414043,0.00073577978973649,0.000758304176663227
"1995-10-27",0.000714543543206325,0.000733245232791946,0.000757228798559773
"1995-11-03",0.000697536646433683,0.000740848005732486,0.000748919004720072
"1995-11-10",0.000696684920267865,0.000749860732238483,0.000740027812974553
"1995-11-17",0.000741301533483618,0.00075098524351902,0.000737043251328506
"1995-11-24",0.000601219961575916,0.000597609805569554,0.000587074593659143
"1995-12-01",0.000757759044319739,0.000744789314265137,0.00073331871268234
"1995-12-08",0.000741857085977404,0.000743382896658762,0.000729576609354243
"1995-12-15",0.000712293140875175,0.00073634185106064,0.000732621314981641
"1995-12-22",0.000669619173666369,0.000701721046294068,0.000727692992798179
"1995-12-29",0.00046742889746576,0.000543626417218723,0.000569757662863601
"1996-01-05",0.000523462157197008,0.00055797227122345,0.00056164801095071
"1996-01-12",0.000676037378430694,0.00070116005779175,0.000699925350414965
"1996-01-19",0.000535722276417294,0.000555719147875555,0.000544541471202864
"1996-01-26",0.000660137601346422,0.000693000634611307,0.000683543350468607
"1996-02-02",0.000640064555728292,0.000686529340090836,0.000671734921307898
"1996-02-09",0.000648989556480073,0.000671622536310368,0.000660967948791891
"1996-02-16",0.000640622350227771,0.000667123448599538,0.000652277520426514
"1996-02-23",0.00048637682293573,0.00053771966068128,0.000546006432138757
"1996-03-01",0.000600495257282896,0.000680060479344435,0.000695299122181581
"1996-03-08",0.000661260224134042,0.000682310679885667,0.000699627727090535
"1996-03-15",0.0006883067513348,0.000694407612329861,0.000735140565698122
"1996-03-22",0.000697793298528371,0.00069806311418219,0.000740378291679944
"1996-03-29",0.000715638185411871,0.000693846554469468,0.000735356198906301
"1996-04-05",0.000707267052608929,0.000697802924502389,0.000744734893884491
"1996-04-12",0.000676313588176214,0.000693310315305284,0.00076403770702127
"1996-04-19",0.000671297065000465,0.000678935325952867,0.000752593117451905
"1996-04-26",0.000676593342139986,0.000686250717151005,0.00074624201831397
"1996-05-03",0.000662652779165107,0.000695814202786416,0.000768681500609603
"1996-05-10",0.000678267487768558,0.000695532664298781,0.000773809492756516
"1996-05-17",0.000682449813047992,0.000698065015075633,0.000763603155464754
"1996-05-24",0.0006899813832415,0.00070200404894627,0.000761255117193382
"1996-05-31",0.000550501268695491,0.000562753104527358,0.00061652100856957
"1996-06-07",0.000689161502563929,0.000709320565888349,0.000790890669297495
"1996-06-14",0.000671599929654931,0.000712696835383886,0.000800899751602246
"1996-06-21",0.000623890007908079,0.000709321546453312,0.000793145291539288
"1996-06-28",0.00058433854492379,0.000710725996356576,0.000789644891812546
"1996-07-05",0.000528441241383737,0.000569466852324174,0.000632736351581453
"1996-07-12",0.000639789673063884,0.000717200190778478,0.000806152728590082
"1996-07-19",0.000665999584708699,0.000715230375761156,0.000791425841192517
"1996-07-26",0.000673804144065482,0.000718889107381715,0.000790948367836553
"1996-08-02",0.00066850754098402,0.0007186062707496,0.000789069294591549
"1996-08-09",0.000670182565686961,0.000700877994455729,0.000762315352416776
"1996-08-16",0.000677709402491011,0.000700035282456213,0.000759852714781628
"1996-08-23",0.000678267916996766,0.000700315196485279,0.000762812433373172
"1996-08-30",0.000684399666466495,0.000708779777381929,0.000782588387051808
"1996-09-06",0.000545487321044202,0.000578814813606998,0.000650548891433012
"1996-09-13",0.000677987688172843,0.000714948357243728,0.000803333043749799
"1996-09-20",0.000683847685559957,0.000713823322387341,0.000793780987274229
"1996-09-27",0.000682447732169189,0.000694406482598886,0.000780993912836259
"1996-10-04",0.000657354252179054,0.00068034308196907,0.00076799828455143
"1996-10-11",0.000665440428114783,0.000691595655823551,0.000756067294258811
"1996-10-18",0.000535655235935462,0.000557407258058085,0.000602457007390145
"1996-10-25",0.000670528675769555,0.00069644713267536,0.00075534394864496
"1996-11-01",0.000669570712754197,0.000700878500930813,0.000747272935900378
"1996-11-08",0.000673555153552829,0.000700245577301306,0.000743863685267909
"1996-11-15",0.00054729702133649,0.000561064894981422,0.000589685009949159
"1996-11-22",0.000699047363864835,0.000701863422833293,0.000749284651432314
"1996-11-29",0.000562243362954185,0.00056032206491774,0.000597250826353868
"1996-12-06",0.000646683459663455,0.000684069694372624,0.000741619543176197
"1996-12-13",0.000599788368825349,0.000675700385998734,0.000748626041373157
"1996-12-20",0.000624389086257171,0.000682943052420448,0.000756725331096719
"1996-12-27",0.000525637875612217,0.000554192093678907,0.000605724163946997
"1997-01-03",0.000536161982452654,0.000559819827990804,0.000606338818565089
"1997-01-10",0.000687749263968085,0.000701932739597622,0.000760462928004468
"1997-01-17",0.00068356310251394,0.000700105030038589,0.000763324574788893
"1997-01-24",0.000543322723477013,0.000560995047786506,0.000610398917820554
"1997-01-31",0.000672411665998629,0.000703270101878539,0.000762831514073303
"1997-02-07",0.000672760703632314,0.000695884573042482,0.000757460345020444
"1997-02-14",0.000677078841067713,0.000696235471294715,0.000752035557975761
"1997-02-21",0.00051509063821209,0.000553820931914695,0.000599637354893767
"1997-02-28",0.000645784720947784,0.000703483176480502,0.000764141965307052
"1997-03-07",0.000665864320770648,0.000709390798506959,0.000783786713161483
"1997-03-14",0.000686842196868653,0.00070812509048257,0.000785366002814314
"1997-03-21",0.000715017513005956,0.000722761609343703,0.000796675919558565
"1997-03-28",0.000574240661390668,0.00058467239124127,0.00064777283281181
"1997-04-04",0.000682596569594685,0.00071910003509168,0.000813519174778232
"1997-04-11",0.000709433240619228,0.000717904380282741,0.000813542984205551
"1997-04-18",0.000700088322731274,0.000719874392198117,0.000812748504281036
"1997-04-25",0.000691793119005801,0.00071713128174089,0.000814311939509205
"1997-05-02",0.0006728310645705,0.000712416324437193,0.000805100295408812
"1997-05-09",0.000666275662239979,0.000708967628721746,0.000805220511883142
"1997-05-16",0.000645990112188688,0.000698135951492151,0.000797921620916853
"1997-05-23",0.000619923350400509,0.000700811177623439,0.000794148939280204
"1997-05-30",0.000472026437970285,0.000562823759435505,0.000636182980391808
"1997-06-06",0.000614561231971233,0.000694618370215672,0.000790955046511277
"1997-06-13",0.000612462388670076,0.000680974028004711,0.000785827603494882
"1997-06-20",0.000640838895726858,0.000684210960448794,0.000776681127008017
"1997-06-27",0.000680359533406172,0.000698206976037286,0.000776099321972978
"1997-07-04",0.000551727189584517,0.000562582307618298,0.000618874303349726
"1997-07-11",0.000637766763530889,0.00069391577605149,0.000761488087128281
"1997-07-18",0.000673949586954325,0.000703130454913881,0.000760280552072556
"1997-07-25",0.000698348334282173,0.000707703786255509,0.00075513021001572
"1997-08-01",0.000696112035476482,0.00070974346459618,0.000752691320700105
"1997-08-08",0.00068573291876306,0.000717834522035332,0.000770106200423504
"1997-08-15",0.000723309509278902,0.000720578021836671,0.000771831442086368
"1997-08-22",0.000714246517994788,0.000715792649183866,0.00076653118910297
"1997-08-29",0.000671775660103791,0.00071440513446297,0.000774894821604422
"1997-09-05",0.000511199813401308,0.000561858371392443,0.0006203038352246
"1997-09-12",0.000660001577407643,0.000695392236436332,0.000774242514808732
"1997-09-19",0.000650034170811109,0.000692507587323421,0.000761542831275719
"1997-09-26",0.000618389922379947,0.000675859965470149,0.000760495945548056
"1997-10-03",0.000638394311348378,0.000685311394185595,0.000757267813385365
"1997-10-10",0.000644599121775169,0.000685225056212158,0.000756216680375399
"1997-10-17",0.000512657340121292,0.000550586113095664,0.000610486020303114
"1997-10-24",0.000650520013913969,0.000692790495721018,0.000765167203472528
"1997-10-31",0.000660370073954031,0.000706365411260235,0.000745837260238913
"1997-11-07",0.000677529343099392,0.000716709396664905,0.000763489210128254
"1997-11-14",0.000526879014344006,0.000575637036801746,0.00061007303924554
"1997-11-21",0.000644944442529605,0.000718114696060645,0.000763585836369707
"1997-11-28",0.000490064969257187,0.000574530716470401,0.000615165795775807
"1997-12-05",0.000679776889718209,0.000713613508215527,0.000770025476538816
"1997-12-12",0.00067871338476877,0.000711078135267273,0.000766708745006284
"1997-12-19",0.000694092757797415,0.000716498323720671,0.000763002537840896
"1997-12-26",0.000556951091173374,0.000587053574919505,0.000609880611469604
"1998-01-02",0.000552553490866359,0.000579736383245377,0.00060665522629999
"1998-01-09",0.000677226741292003,0.000699962176720081,0.000724941367634013
"1998-01-16",0.000700993319312504,0.000695040721886198,0.000718278921099769
"1998-01-23",0.000542975009602431,0.00056015101923701,0.000578134313584222
"1998-01-30",0.000673664341954483,0.000704395840932737,0.000728909678403999
"1998-02-06",0.000661746131664254,0.000703622091081213,0.00073112038099965
"1998-02-13",0.000666760726021565,0.000702918850993939,0.00073270629611577
"1998-02-20",0.00051132871542503,0.00056402010569534,0.00058529186571632
"1998-02-27",0.000637288487940424,0.000719805408338603,0.000746251985392465
"1998-03-06",0.000688378335299111,0.000710092829782294,0.000749022377848352
"1998-03-13",0.000710758507312947,0.000696586601864446,0.000744417102195527
"1998-03-20",0.000725897091362837,0.000697082182601116,0.000744660343068526
"1998-03-27",0.000748416082732684,0.000704326304471037,0.000750151359181661
"1998-04-03",0.000728394754445638,0.000699892226851517,0.000743092508219023
"1998-04-10",0.000552494444455709,0.000550909432830204,0.000588808456470913
"1998-04-17",0.000698484442641867,0.000691170994102652,0.000741601589248519
"1998-04-24",0.000676943648006523,0.000687445299559553,0.000745647473349376
"1998-05-01",0.000650520682194511,0.000683224161863949,0.000752639914176845
"1998-05-08",0.00066369640163999,0.000689204189906922,0.000750134467486063
"1998-05-15",0.000663904702181028,0.0006988392696472,0.000753205517389777
"1998-05-22",0.000646199610464526,0.000706225999353327,0.000751074312842714
"1998-05-29",0.000505475602706751,0.000550444775955672,0.00059825542077574
"1998-06-05",0.000652685437406042,0.000685126179565509,0.00075085477420056
"1998-06-12",0.000665439605795903,0.00069581343410885,0.000747838899358255
"1998-06-19",0.000669900785576605,0.000699613042214553,0.000746134828106593
"1998-06-26",0.000653239712784748,0.000686880645444754,0.000749843646257853
"1998-07-03",0.000524684736134429,0.000543881116184863,0.000593617108429312
"1998-07-10",0.000637490294029819,0.000688569894807145,0.000737730285211402
"1998-07-17",0.000651361023254138,0.000694971475510675,0.000740719586747263
"1998-07-24",0.000668788275587362,0.000694406685363358,0.000739840274520454
"1998-07-31",0.000660557915537208,0.00069138246044731,0.000740738299894739
"1998-08-07",0.000668157095819355,0.000686388222987055,0.000737677041877438
"1998-08-14",0.000655607804695535,0.000679218756220568,0.000732672759873543
"1998-08-21",0.000640139781250992,0.000685052991919566,0.000730058041865878
"1998-08-28",0.000659718249175434,0.000682819890558628,0.000709947903478669
"1998-09-04",0.000628775414564631,0.000661034126901328,0.000692566626085522
"1998-09-11",0.000489025746301275,0.000523731829244367,0.000536722056161176
"1998-09-18",0.000584952367497227,0.000648566409263918,0.000670799809524114
"1998-09-25",0.000604240495849284,0.00063036926416471,0.000654660670295959
"1998-10-02",0.000457892116356939,0.000588584571710626,0.000624483782576402
"1998-10-09",0.00042073720723268,0.000549988468996343,0.000606817448236319
"1998-10-16",0.000399236175857354,0.000419565891880191,0.000479167663720137
"1998-10-23",0.000464714496566598,0.000531545700876102,0.00058554896232188
"1998-10-30",0.000456236015485834,0.000582969752593865,0.000591146598078351
"1998-11-06",0.00046013350046703,0.000612182169701381,0.00063685545424863
"1998-11-13",0.000382822502571045,0.000495012687561358,0.000513663897619976
"1998-11-20",0.000504265107186708,0.000606278381674041,0.000637726922857906
"1998-11-27",0.000447975585582627,0.000497776545628215,0.000513715644598012
"1998-12-04",0.000600064049719018,0.000606769707797161,0.000625244867905161
"1998-12-11",0.000579015766108082,0.000610281260170042,0.000628257200692373
"1998-12-18",0.000560487789351027,0.000610278371688144,0.000625545869532562
"1998-12-25",0.000479603230680636,0.000495253763336256,0.000513114495363842
"1999-01-01",0.000485167786122398,0.000490972367419129,0.00050550498191404
"1999-01-08",0.000610100670888736,0.00060817400450941,0.00063545107450147
"1999-01-15",0.000630027340793315,0.000607260885856498,0.000631746863728466
"1999-01-22",0.000462550699546593,0.000473653167293531,0.000503169348922805
"1999-01-29",0.000593373011783749,0.000606418973680523,0.000629681392472214
"1999-02-05",0.000571292423911407,0.000612176843922452,0.000645397652006663
"1999-02-12",0.000604384457264739,0.000612739348048397,0.000650539720810306
"1999-02-19",0.000476767933556221,0.000492892364443165,0.000524520587102284
"1999-02-26",0.000595666441299381,0.000631774800689877,0.000673603433569037
"1999-03-05",0.000604457414005388,0.000631562954807263,0.000685059896463835
"1999-03-12",0.000617902157757033,0.000624328041504807,0.000667096449799454
"1999-03-19",0.000613790688525739,0.000615547506656711,0.00066329946834065
"1999-03-26",0.000633174398587455,0.000611404906464941,0.000663086687368475
"1999-04-02",0.000526704190234373,0.000486057391110517,0.000529082254523416
"1999-04-09",0.000612465383455829,0.000597570712167705,0.000652768477529708
"1999-04-16",0.000590444448128613,0.00058823445584455,0.000652024777815452
"1999-04-23",0.000583619053020623,0.000593216635572658,0.000654286730816134
"1999-04-30",0.000606334281421095,0.000612177564520922,0.000655909741184235
"1999-05-07",0.000609884879106515,0.000625030633472301,0.000671891927018109
"1999-05-14",0.000608705153320566,0.000625452455153885,0.000677211831877189
"1999-05-21",0.000587238159152514,0.000627207918151296,0.000686999486495532
"1999-05-28",0.000598876274460203,0.000630580241880452,0.000691606973319381
"1999-06-04",0.000469377379186842,0.000500967823229281,0.000570589392745013
"1999-06-11",0.000521825486812455,0.000621102725415046,0.000718020776644179
"1999-06-18",0.000531653773939267,0.000631353439490612,0.0007148404471089
"1999-06-25",0.000574214677536489,0.000638591725930837,0.000723746434962536
"1999-07-02",0.000579646721784011,0.000639010480953051,0.000717956898734995
"1999-07-09",0.00047202909352051,0.000503499079606007,0.000571436364547928
"1999-07-16",0.00061539575787517,0.000636552142164737,0.000707203871319617
"1999-07-23",0.000610516364930147,0.00062517215638902,0.000701602160462667
"1999-07-30",0.000613301700889135,0.000639854990656552,0.000711338096147873
"1999-08-06",0.000588846358453354,0.000644843820283514,0.00072770555145274
"1999-08-13",0.000600548884823748,0.000654416572179572,0.000741806129582079
"1999-08-20",0.000594419121226819,0.000644026440534962,0.00072878416197808
"1999-08-27",0.000638530346795063,0.000666932752863225,0.000728793601330047
"1999-09-03",0.000615741544981674,0.000668908496704201,0.000744875865353212
"1999-09-10",0.000466941331831006,0.000520148458318825,0.000596577538226839
"1999-09-17",0.000582366600762052,0.000640626198441518,0.000738039508821453
"1999-09-24",0.000616718359426782,0.000639857835477597,0.000734230120390533
"1999-10-01",0.000607378806490422,0.000653699778397243,0.000737283653617027
"1999-10-08",0.000598601687898936,0.000652925463996645,0.000755387315154898
"1999-10-15",0.000491558044580565,0.000538285663258975,0.00061005176440232
"1999-10-22",0.000623012627574804,0.000690819980631474,0.000768440750204435
"1999-10-29",0.000602096761495696,0.000689062669279261,0.000769346929703207
"1999-11-05",0.000594444235353819,0.000692930300951744,0.00075671361266938
"1999-11-12",0.000509554630828024,0.000563628311656572,0.000609317455272818
"1999-11-19",0.000567794682909906,0.000709531217328863,0.000768717551580922
"1999-11-26",0.000395539468154515,0.000568546489603028,0.000621975477845815
"1999-12-03",0.000569274150802546,0.000714948624281675,0.000789288888393802
"1999-12-10",0.000630452847992791,0.000711431566742915,0.000785064917208533
"1999-12-17",0.000692016065545475,0.000730854323899965,0.000802031944776349
"1999-12-24",0.000597739378610296,0.000594595069628889,0.000653527483512439
"1999-12-31",0.000648571334705084,0.0007250149147362,0.000811620049224082
"2000-01-07",0.000696673226427524,0.000731697784585705,0.000827335385116701
"2000-01-14",0.000711731309875674,0.000734019842868694,0.000837144185504179
"2000-01-21",0.000555870113591483,0.000587592546195559,0.000667971043775362
"2000-01-28",0.000706922591181991,0.000752044862189383,0.000836355988480753
"2000-02-04",0.00071299096089561,0.000766407401114888,0.000852335257368386
"2000-02-11",0.000706922772170993,0.000760494036033954,0.000853334951275819
"2000-02-18",0.000714943776584764,0.000772396274462128,0.000851342894008233
"2000-02-25",0.00057225377278125,0.000626738395251403,0.000678121723762137
"2000-03-03",0.000708742371728466,0.000785919916716615,0.000853311595176098
"2000-03-10",0.000726165330076523,0.00079028892034283,0.000856218877063553
"2000-03-17",0.000696673321098018,0.000796207186333442,0.000858912090703878
"2000-03-24",0.000770476869356607,0.000798673605445721,0.000861728710649601
"2000-03-31",0.000823333844513607,0.0007950801336849,0.00086163614068413
"2000-04-07",0.000796193226788589,0.000796137409456721,0.000853495313606123
"2000-04-14",0.000772616303572837,0.000790287360059594,0.000852477421663611
"2000-04-21",0.000607225379677834,0.000629025506415193,0.000684019152946913
"2000-04-28",0.000731608025835495,0.000782961804812965,0.000869614237231975
"2000-05-05",0.000711528825903196,0.000793041109483861,0.00089679107357532
"2000-05-12",0.000740600441251793,0.000818763050869142,0.000911139290589613
"2000-05-19",0.000728745802691888,0.000809454866772086,0.000922644786338633
"2000-05-26",0.00070935915558179,0.000793036136602865,0.000915021106516534
"2000-06-02",0.000515648030495308,0.000623924621852234,0.000723153680111333
"2000-06-09",0.000682245561898442,0.000800647505644569,0.000894486142496653
"2000-06-16",0.00070552723358408,0.000789725569272148,0.00088147995225385
"2000-06-23",0.000728751770503022,0.000787964829081389,0.000877633131428635
"2000-06-30",0.000746949480311843,0.000791628217299944,0.000875679955519626
"2000-07-07",0.000608604013310643,0.000648807762420933,0.000697407920434712
"2000-07-14",0.000794313916503864,0.000832863399640837,0.000874407628246976
"2000-07-21",0.000822154552386989,0.000836458038090404,0.000870590309106634
"2000-07-28",0.000823825102240106,0.00083779957521668,0.000865307450765185
"2000-08-04",0.000826822687528095,0.000844992257927002,0.000867399110100697
"2000-08-11",0.000835341636433284,0.000847320821559805,0.000865361676810839
"2000-08-18",0.000831499916257972,0.000852256554626063,0.000870271115482657
"2000-08-25",0.000849444156278523,0.000852780759888816,0.000864756935966104
"2000-09-01",0.000857521936766803,0.0008578732583846,0.00086127940436409
"2000-09-08",0.000659437877120972,0.00067374368707851,0.000683385599667741
"2000-09-15",0.000817129979346687,0.000832369044565962,0.000850117126248495
"2000-09-22",0.000818101676619998,0.000836035290206594,0.000843733294529248
"2000-09-29",0.000799962403539523,0.000840407860334125,0.000849112499842652
"2000-10-06",0.000804225571662487,0.000842310837762872,0.00085201729735318
"2000-10-13",0.000661947409665631,0.000673462309873862,0.000672392599482485
"2000-10-20",0.000826962436055956,0.00085218520400554,0.000838803194060933
"2000-10-27",0.000821971953933742,0.000864178540924465,0.00084929854090654
"2000-11-03",0.000834403118742388,0.000864532696327469,0.000849227947744779
"2000-11-10",0.000840918709762217,0.000869185193696831,0.000850215488569672
"2000-11-17",0.000825772494658095,0.000863966964992802,0.000841596375887432
"2000-11-24",0.000657229607773369,0.000690262234379402,0.00067029612494296
"2000-12-01",0.000849069971397665,0.000848376838650244,0.000829600175837886
"2000-12-08",0.000800659667445025,0.000828560549719359,0.000799750418568612
"2000-12-15",0.000791035527064388,0.000822073817432267,0.000795001095840187
"2000-12-22",0.00070224457957524,0.000768450508139118,0.000759369080356231
"2000-12-29",0.000586841526771797,0.000632308465216003,0.000599207656219347
"2001-01-05",0.000611718656554183,0.000596811580810153,0.000550198833109583
"2001-01-12",0.000739484394405299,0.000719030575792257,0.000670593525430307
"2001-01-19",0.000568693358145245,0.000575978201482474,0.000545694899563021
"2001-01-26",0.000708804753954295,0.000714174048063843,0.000674001697353654
"2001-02-02",0.000663907813413633,0.000688077105306384,0.000650460206168546
"2001-02-09",0.000676245672638132,0.000691452421128336,0.000658113084576417
"2001-02-16",0.000663763733167233,0.00068688107801651,0.000661249338667291
"2001-02-23",0.000522483835436072,0.000542288217152853,0.000516980590812954
"2001-03-02",0.000653306948276811,0.000657564087696016,0.000622626993756592
"2001-03-09",0.000652893954170342,0.000646599635681921,0.00062122128339559
"2001-03-16",0.000650033701110608,0.000623273577669892,0.000595723924495584
"2001-03-23",0.000645299001793331,0.000597989282338451,0.000578375114561824
"2001-03-30",0.000651143158023837,0.000583038279390991,0.000583026950460308
"2001-04-06",0.000556584248255554,0.000559460529696354,0.000557217771669283
"2001-04-13",0.000435156787457869,0.000435676117285455,0.000452852142310611
"2001-04-20",0.000512069809958993,0.000539468880645932,0.000568169696998355
"2001-04-27",0.000490832706361966,0.000516820290833664,0.000535746312974039
"2001-05-04",0.000507268832358632,0.000521585745696163,0.000545252023591569
"2001-05-11",0.000515276097833084,0.000507145836136536,0.000527807319915752
"2001-05-18",0.000483031237313858,0.000492778185440468,0.0005357411743383
"2001-05-25",0.000478923334905179,0.000497894129569687,0.000535208938641896
"2001-06-01",0.000373543065338877,0.000399447822884147,0.000421012095648488
"2001-06-08",0.000474397819910877,0.000496211708746808,0.000522512006255083
"2001-06-15",0.000459844418827959,0.000484088974676,0.000509340251097834
"2001-06-22",0.000452045887458841,0.000473510437288827,0.000488862919155286
"2001-06-29",0.000449818723403217,0.000482831525619121,0.000506164885327509
"2001-07-06",0.00036401440374223,0.000397776148974405,0.000417986862578434
"2001-07-13",0.000466460508723898,0.000491446396525319,0.000504169897240114
"2001-07-20",0.000475094341214621,0.000485560295897081,0.000495083218324366
"2001-07-27",0.000486793732024982,0.000482477785161306,0.000486134835489427
"2001-08-03",0.000494175748168235,0.000481636833519206,0.000479173809068367
"2001-08-10",0.000494522742374937,0.000474280432445129,0.000470314345180523
"2001-08-17",0.000480663822886473,0.00046496433339227,0.000462232807671992
"2001-08-24",0.000475372905744509,0.000462942699140045,0.000461682645293005
"2001-08-31",0.000473560821128816,0.00046385680502059,0.00045518639414599
"2001-09-07",0.00037479649717298,0.00036582267779095,0.000371789605866146
"2001-09-14",9.30204230298326e-05,8.8814468585996e-05,8.89619351565063e-05
"2001-09-21",5.75446806254654e-05,6.35843649454682e-05,6.95722351629069e-05
"2001-09-28",0.000330312631572793,0.000323388461066498,0.00034024379854225
"2001-10-05",0.000301790256790113,0.00030613382293132,0.000323363935368803
"2001-10-12",0.000249871590950468,0.000245406415798399,0.000257353654137038
"2001-10-19",0.000317372897627788,0.000303759027546313,0.000312902858011999
"2001-10-26",0.000313341859471405,0.000297616973358172,0.000301730181806237
"2001-11-02",0.000299221017409979,0.00028114116361988,0.00027980307878428
"2001-11-09",0.000268192927936006,0.000255529655164732,0.000266515243968035
"2001-11-16",0.000219335233931028,0.000207084838630855,0.000237081643089887
"2001-11-23",0.000218702877562871,0.000212451527069168,0.000250050158201232
"2001-11-30",0.000267357976664995,0.000255040615995128,0.000295954171565915
"2001-12-07",0.00024489417923057,0.000238158639018327,0.000293111519665823
"2001-12-14",0.000228900943674892,0.000231533304190679,0.000283309186897451
"2001-12-21",0.000228900699360102,0.000232997517553235,0.000284172683874928
"2001-12-28",0.000187068204112961,0.000188669256045326,0.000230578831763584
"2002-01-04",0.000186998423942875,0.000187623168016016,0.000233997657277385
"2002-01-11",0.000227718671943267,0.000226790932893239,0.000271719586492303
"2002-01-18",0.000218400980420475,0.000218493406499709,0.000260954932646218
"2002-01-25",0.000183033969223922,0.000185669464581872,0.00022813814429945
"2002-02-01",0.000229874281009845,0.000236554964268443,0.000293308067826903
"2002-02-08",0.000230083079342247,0.00023676369107628,0.000292539861958208
"2002-02-15",0.000236758656452452,0.00023774036742763,0.0002918945143211
"2002-02-22",0.000189639869718095,0.00019090014012102,0.000227963948389531
"2002-03-01",0.000241139545639202,0.000241506901591304,0.000296675134301649
"2002-03-08",0.000239609898859738,0.00024380889369624,0.000327805332858366
"2002-03-15",0.000243086764807554,0.000249947886499235,0.000342667368992799
"2002-03-22",0.000241626492859748,0.000249947625143854,0.000356002261375554
"2002-03-29",0.000192765332468703,0.000196197465178294,0.000290740532065126
"2002-04-05",0.000241348170256783,0.000242067287355097,0.000348678236422151
"2002-04-12",0.000234950585491722,0.000234744563727851,0.000330668299356018
"2002-04-19",0.000231264990578461,0.000234601883822849,0.000319698109531474
"2002-04-26",0.000227232130793675,0.000235717810386227,0.000275415579925831
"2002-05-03",0.000236132673513412,0.00024046056934468,0.000307249954649036
"2002-05-10",0.0002369671159419,0.00023976311486007,0.000305487443093666
"2002-05-17",0.000237453817373723,0.0002403907376336,0.000321757267218725
"2002-05-24",0.000233837962736461,0.000235857384568661,0.000310088929576402
"2002-05-31",0.000188109859869057,0.000190481549817711,0.000242722613537749
"2002-06-07",0.000234883364877758,0.000236694033389107,0.000305157898182751
"2002-06-14",0.000235162377806741,0.000235020094868865,0.000292725548968198
"2002-06-21",0.000229248476005139,0.000234811032604032,0.000277215367495476
"2002-06-28",0.00023022192117983,0.000233206730456681,0.000268390332469615
"2002-07-05",0.000184281349945081,0.000185734883953126,0.000208126258355756
"2002-07-12",0.000233976984326478,0.000234252945354285,0.000245137610350943
"2002-07-19",0.000233073005967199,0.000233206787512819,0.00024542342081646
"2002-07-26",0.000232934065503621,0.000230417317164777,0.000227165430735088
"2002-08-02",0.000232864166193947,0.000229231510346928,0.000233613479221129
"2002-08-09",0.000228553069173909,0.000221282211485319,0.000212629821676469
"2002-08-16",0.000228135906628735,0.000223304269694857,0.000227013642158269
"2002-08-23",0.00022848361759209,0.000223025822088996,0.000230362014788543
"2002-08-30",0.000231126074593968,0.00022665371612729,0.000234866754499796
"2002-09-06",0.000183520519005942,0.000178209949794672,0.000178466070446248
"2002-09-13",0.000231404051061812,0.000228743627107342,0.000236354999380906
"2002-09-20",0.000225632481199778,0.00022762760172812,0.000229811450077166
"2002-09-27",0.000226327938828819,0.000224419964800493,0.000218029313621804
"2002-10-04",0.000217566784354917,0.000214379786095398,0.000201902732654746
"2002-10-11",0.000218887889305908,0.000216401530313215,0.000207688399648465
"2002-10-18",0.000180183115698451,0.000181136803646176,0.000188344534902907
"2002-10-25",0.000227231784909021,0.000227767065564155,0.000205641619286601
"2002-11-01",0.000208529102078581,0.000204271535499956,0.000193236719327583
"2002-11-08",0.000176341482676312,0.000177790947550438,0.000188898849265762
"2002-11-15",0.000132283571166125,0.000132421505067759,0.000150666419165946
"2002-11-22",0.000167094330811635,0.000165877389104008,0.000198441512798242
"2002-11-29",0.000135061604039199,0.000133185464537,0.000161628672065151
"2002-12-06",0.00016758082145607,0.000166643496340324,0.000199201681071237
"2002-12-13",0.000166190473025463,0.00016608623731007,0.000191170199985713
"2002-12-20",0.000161741905459589,0.000163996672706501,0.000187907533194309
"2002-12-27",0.000120746325508847,0.000126711250010736,0.000137610320592785
"2003-01-03",0.00012665447011706,0.000130402784596084,0.000139700817772814
"2003-01-10",0.000158475117233881,0.000163160860160216,0.00018218133966319
"2003-01-17",0.000159031117302755,0.000161349821962808,0.000176200682137306
"2003-01-24",0.000125888747737779,0.000126919173832007,0.000136504173080532
"2003-01-31",0.000157015468536192,0.000159887217264787,0.000171716361475172
"2003-02-07",0.000158614171170246,0.000160235456814206,0.000173119729549365
"2003-02-14",0.00016035180833196,0.000160026562586069,0.00017074755002966
"2003-02-21",0.000129781185871813,0.000129426492240015,0.000135481784983238
"2003-02-28",0.000167928284051211,0.000164553868690964,0.00016773673104642
"2003-03-07",0.000162923536700665,0.000159608593491845,0.000162747473690272
"2003-03-14",0.000156181300623004,0.000150555388302331,0.000155551454633862
"2003-03-21",0.000158475129582003,0.000157797900464773,0.000171380587399517
"2003-03-28",0.000160212676739935,0.000158633461677216,0.000166154235660576
"2003-04-04",0.000158058005087724,0.000150764009964943,0.000158541584158511
"2003-04-11",0.000161185918041262,0.000156613915734294,0.000162256309078401
"2003-04-18",0.00012609575172462,0.000127544491112408,0.000137566669026645
"2003-04-25",0.000153957118566472,0.000158285296134597,0.000167515500777426
"2003-05-02",0.000151107252263749,0.000153201369613054,0.000161539729064186
"2003-05-09",0.00014630877719668,0.000150828096965094,0.00015914573288156
"2003-05-16",0.000133593211662175,0.000142826141228625,0.000155510955251792
"2003-05-23",0.000146312135800519,0.00014435797736545,0.000150323275005082
"2003-05-30",0.000128251982219663,0.000120094518855973,0.00012224829175933
"2003-06-06",0.000155416783566453,0.000145820042192435,0.000147480125550326
"2003-06-13",0.000144712818258341,0.000128415414742955,0.000131461477959061
"2003-06-20",0.000121358793292892,0.000115188322820314,0.000127770026602025
"2003-06-27",0.000114065134136476,0.000116858813071552,0.000133338483762735
"2003-07-04",8.82906560331076e-05,9.21096014663281e-05,0.000113677855863248
"2003-07-11",0.000121431281078888,0.00011950600869115,0.000141579761387289
"2003-07-18",0.000116914228903253,0.000121872354865493,0.000143779321588156
"2003-07-25",0.000119624707162869,0.000123334066824743,0.000147958932634751
"2003-08-01",0.000123377140555103,0.000129180797294293,0.000155925252089295
"2003-08-08",0.000121639851801136,0.00012890242213115,0.000166191107212166
"2003-08-15",0.000128867364559859,0.000128345639848426,0.000166335831434994
"2003-08-22",0.000128450306292383,0.000130781956935389,0.000165948195544718
"2003-08-29",0.000133315102986753,0.000135377121144753,0.000171637394061452
"2003-09-05",0.000104691044242822,0.000104221367068336,0.000136722984964699
"2003-09-12",0.000126087312442902,0.000129250484394383,0.000155684769356901
"2003-09-19",0.000119972002987634,0.000128484816455776,0.000154243090153328
"2003-09-26",0.000117887224587054,0.000125283593135794,0.000153383613074931
"2003-10-03",0.000112258666112641,0.000126328578550883,0.000146409911501166
"2003-10-10",0.000118999207988635,0.000124170123599887,0.000151109175062114
"2003-10-17",9.59350101101819e-05,9.94179930664529e-05,0.000130882277210809
"2003-10-24",0.000124002713917104,0.00012834557317043,0.0001665929680017
"2003-10-31",0.000130466368437832,0.000128971983671899,0.000163615122303451
"2003-11-07",0.000129146209669972,0.000128276021135187,0.000178384985807689
"2003-11-14",9.88539373221187e-05,0.000102063154052479,0.000142179006624055
"2003-11-21",0.000124906082155318,0.000127788671260509,0.000167916445497074
"2003-11-28",0.000102466333472773,0.000100947928099115,0.000146055951822266
"2003-12-05",0.000129216345351013,0.00012396044725449,0.000190868749493367
"2003-12-12",0.000123517002660334,0.000122498760538603,0.000173078940369553
"2003-12-19",0.000117817733394032,0.000121315513880615,0.000164861855852738
"2003-12-26",9.24592707016725e-05,9.50320615231703e-05,0.000131908509774847
"2004-01-02",8.83570575138659e-05,9.71896155992358e-05,0.000134369997779604
"2004-01-09",0.000119485544826103,0.000120897935519615,0.00016714686128827
"2004-01-16",0.000113787146492905,0.00011762697718698,0.000154210720668013
"2004-01-23",8.29406902722596e-05,9.53116224504669e-05,0.000123263193411827
"2004-01-30",0.000112675606278811,0.000125004518359839,0.000161609240422411
"2004-02-06",0.000117956785931517,0.00012535254999424,0.00016422679774708
"2004-02-13",0.000119277155255393,0.000125770084017374,0.000159103549251416
"2004-02-20",9.9548638547553e-05,0.000100183622144812,0.000122789641146426
"2004-02-27",0.000129770677914642,0.000129459287464107,0.000156071547689152
"2004-03-05",0.000131369125567327,0.000130364229101065,0.000162530832387153
"2004-03-12",0.000130535181679159,0.000129459287086631,0.000149011624640538
"2004-03-19",0.000127824820886024,0.000127788699234133,0.000153676805787928
"2004-03-26",0.000129353734789062,0.000127371075555827,0.000148971860305158
"2004-04-02",0.00012900622746681,0.000127301496155585,0.000162478004862132
"2004-04-09",0.000102188278690019,0.000100948218460628,0.000138706244340758
"2004-04-16",0.000125670428317237,0.000127858295670302,0.000183132049127011
"2004-04-23",0.000120872420978912,0.000131756474615496,0.000196800539557618
"2004-04-30",0.000114270934621574,0.000131547641611496,0.000210481073633639
"2004-05-07",0.000117053521047961,0.000135585714174713,0.000224812927244633
"2004-05-14",0.000118026212544198,0.000137047271966617,0.000243978262064903
"2004-05-21",0.000121639828598141,0.000136142497196623,0.000237310447193551
"2004-05-28",0.000126017988246963,0.000143661633405401,0.000239082654480471
"2004-06-04",0.000103092744395905,0.000125387432265978,0.000206190812869433
"2004-06-11",0.000105732710698803,0.000133952520542158,0.00021411410402794
"2004-06-18",0.000137693490912971,0.000174446046697474,0.000282477858944086
"2004-06-25",0.000143392845366241,0.000171520256877722,0.000274486704176846
"2004-07-02",0.0001438788028576,0.000173749242651455,0.000274980034480343
"2004-07-09",0.000119561517334166,0.000137367316332071,0.000209517641063917
"2004-07-16",0.000154860675586788,0.000179601586304257,0.000263036082290391
"2004-07-23",0.000159726579715302,0.00018385175416924,0.000268723955241024
"2004-07-30",0.000175157664282333,0.000195419708808986,0.000281134101091096
"2004-08-06",0.000177174207381947,0.000198207484216617,0.000277377908022736
"2004-08-13",0.000185167947711617,0.0001977210990185,0.00026705975580299
"2004-08-20",0.000183082581344474,0.000199116145278788,0.000263670344965661
"2004-08-27",0.000186280865430044,0.000208595398986988,0.000271706963294482
"2004-09-03",0.000198029835493552,0.000216683654339134,0.000273407363978961
"2004-09-10",0.000169406451063336,0.00017869619739308,0.000225090721104992
"2004-09-17",0.000214090210614026,0.000226721461990431,0.000273843462834877
"2004-09-24",0.000210127101016866,0.000232161038422385,0.000281268915392374
"2004-10-01",0.000207137291700077,0.000231114812511368,0.000293412230613077
"2004-10-08",0.000209432025325418,0.000229371355990216,0.000301240493649546
"2004-10-15",0.000171841346470858,0.000187203992404239,0.000229543015497491
"2004-10-22",0.000218195717629932,0.000247506310664614,0.000291473938791142
"2004-10-29",0.00023238000842829,0.000258110776441889,0.000297510036303184
"2004-11-05",0.000247054685394543,0.000264740541099595,0.000313385442901604
"2004-11-12",0.000204655240521934,0.000223617300782575,0.000268095442942817
"2004-11-19",0.000254352534301727,0.000289099511863622,0.000343466283196481
"2004-11-26",0.000214391329973251,0.00023639163783673,0.000285017956355826
"2004-12-03",0.000277374500370353,0.000300547226846914,0.000359940625716648
"2004-12-10",0.00028161426920037,0.00030473985472157,0.00035404187064314
"2004-12-17",0.00026680188872108,0.000300898891977486,0.000363629471583859
"2004-12-24",0.000202987549731581,0.000238133349802494,0.000295809609974551
"2004-12-31",0.000243574046661754,0.00030229593596065,0.000376409819809131
"2005-01-07",0.000271392894059419,0.000311375038526629,0.000386216934658679
"2005-01-14",0.000274592338301183,0.000316543727079788,0.000391169970593852
"2005-01-21",0.000210432777309366,0.000255603043688213,0.000313095452953549
"2005-01-28",0.000281131119302724,0.000328070095763966,0.0003939994559925
"2005-02-04",0.000289339140270739,0.000337082723679716,0.000404841348478735
"2005-02-11",0.000314799777259678,0.000341275760506354,0.000406885250109124
"2005-02-18",0.000323148152656216,0.000348124783900561,0.000416191513179287
"2005-02-25",0.00026698622690069,0.000291730764172771,0.000341727650939871
"2005-03-04",0.000342004036638643,0.000373430260999896,0.000440645057015354
"2005-03-11",0.000350979886387659,0.000374059288798412,0.000448528386612024
"2005-03-18",0.000361835697966439,0.000379653532522228,0.000454392560572225
"2005-03-25",0.000294044311057728,0.000307452885214055,0.000370839151057289
"2005-04-01",0.000363156808351084,0.000383149512418468,0.000470576579252757
"2005-04-08",0.000356615966712326,0.000375877545122583,0.000471340017546895
"2005-04-15",0.000356824951918355,0.000377345764825288,0.000461051834937276
"2005-04-22",0.000358494365398698,0.000394061108283106,0.000453551372902261
"2005-04-29",0.000359399630020851,0.000392242578048485,0.000458131765361136
"2005-05-06",0.000352441784901014,0.000387835744345644,0.000459393189720991
"2005-05-13",0.000347778155636691,0.00038741660225905,0.00046393636122799
"2005-05-20",0.000341657904901593,0.000386437996243272,0.000461048407437215
"2005-05-27",0.000370813179512153,0.000397768737532722,0.000462093928540019
"2005-06-03",0.000304978255257105,0.000323409459700885,0.000366568432179193
"2005-06-10",0.00038410483102802,0.000408332178611026,0.000467776241970252
"2005-06-17",0.000378258745401094,0.000406233069310424,0.00047669575399989
"2005-06-24",0.000379372293763947,0.000412881430031264,0.000471307015069033
"2005-07-01",0.000396495498348859,0.000425124282598999,0.000477676085536727
"2005-07-08",0.000326692519582394,0.000344541244967411,0.000397389742976317
"2005-07-15",0.000408954206988055,0.000435836967080716,0.000503790744070587
"2005-07-22",0.000417586733447495,0.000449980198139688,0.00050823383977705
"2005-07-29",0.000438052614227802,0.000462023668945433,0.000518550214995805
"2005-08-05",0.000450860791089136,0.000470359132286324,0.000530668111356158
"2005-08-12",0.000454482709938198,0.000476102691770786,0.000535708866893803
"2005-08-19",0.00044612894759033,0.0004764525223242,0.000530578406621851
"2005-08-26",0.000454971113374558,0.000477793758448808,0.000529332635927027
"2005-09-02",0.000462907710595983,0.000476465851322772,0.000513372398740275
"2005-09-09",0.000364213279160142,0.00037856998556296,0.000409404860809204
"2005-09-16",0.000443267690116933,0.000471689389539565,0.000520062623166506
"2005-09-23",0.000415287923479557,0.000474141443372433,0.000526686622867034
"2005-09-30",0.000393503531191497,0.000476103816959172,0.000545100132583798
"2005-10-07",0.000447730952533476,0.000487173290629306,0.000562464760590631
"2005-10-14",0.00037229214127632,0.000403234917501827,0.000455835717770192
"2005-10-21",0.000467504531132423,0.000520255161922112,0.000571398503570242
"2005-10-28",0.000491472660170578,0.000528108029514307,0.000583123529357632
"2005-11-04",0.000514388812461686,0.000532876618596356,0.000595315210974112
"2005-11-11",0.000420045519093915,0.000429575148583217,0.000478714807767622
"2005-11-18",0.00053854329242653,0.00054346637283964,0.000596413617822478
"2005-11-25",0.000425959372809759,0.000430340458698719,0.000468422111946643
"2005-12-02",0.000541747843380236,0.00053736513021363,0.00059690421910541
"2005-12-09",0.000528019810467573,0.000542132309328647,0.000596582957456571
"2005-12-16",0.000486862527329768,0.000533998245950684,0.000593593379883961
"2005-12-23",0.000478366915968031,0.000542624520098567,0.000596984104263232
"2005-12-30",0.000397781584275281,0.000436466339235997,0.000478480721428864
"2006-01-06",0.000442072053609133,0.00045400419895314,0.000478012601273781
"2006-01-13",0.000562507141720348,0.000583181191212034,0.000606468094758617
"2006-01-20",0.00043371183423413,0.000472811708096765,0.000483804455937209
"2006-01-27",0.000559646612253273,0.000600240393891838,0.00061319697030382
"2006-02-03",0.00057888300718556,0.000606770036122972,0.000626334233359671
"2006-02-10",0.000591284025542205,0.000612318227522834,0.000636259805342654
"2006-02-17",0.000597346303921276,0.00061793622560824,0.000640129921155141
"2006-02-24",0.000483944229118238,0.000498370392641556,0.000512811561702797
"2006-03-03",0.000607937776898382,0.000626084396859072,0.000644468740211401
"2006-03-10",0.000604941707068596,0.000623836785011544,0.000650784067273813
"2006-03-17",0.000608984217113084,0.000626646477423609,0.000645637918630149
"2006-03-24",0.000629962243444693,0.000635005944265687,0.000647546374750396
"2006-03-31",0.000637696732490145,0.000630017408939754,0.0006571363017287
"2006-04-07",0.000635188068665249,0.000634796105551949,0.000664944268202294
"2006-04-14",0.000503151514260614,0.000510216488642579,0.000538188216291813
"2006-04-21",0.000620413011831689,0.000641260440123359,0.000668661323147468
"2006-04-28",0.00062835799566785,0.000648076050319579,0.00067362205909971
"2006-05-05",0.000627521477497117,0.000654824089756367,0.000678225305043467
"2006-05-12",0.000631145759176333,0.000660656911845248,0.000682132820220449
"2006-05-19",0.000641463058192571,0.000657073361317373,0.00067897858874244
"2006-05-26",0.000649964498972366,0.000656299157704598,0.000678514479946823
"2006-06-02",0.000519275886378345,0.000524786361626228,0.000547393934922091
"2006-06-09",0.000652613944438274,0.000659532838525045,0.000688697858138188
"2006-06-16",0.00063783518313465,0.000667405552581712,0.000702046931895906
"2006-06-23",0.000636784248477795,0.000667968803793384,0.000719164948965734
"2006-06-30",0.000639226171222473,0.000679497876355128,0.000722414902594171
"2006-07-07",0.000520191492112909,0.00054391636818818,0.000576854039695096
"2006-07-14",0.000664882398720534,0.000684632148576503,0.000715551228665179
"2006-07-21",0.000667043193961492,0.000693070671520246,0.000710602204398336
"2006-07-28",0.000673947285302345,0.000694547786273869,0.000702875296705319
"2006-08-04",0.000700855408840573,0.000692086439375128,0.000691539829403398
"2006-08-11",0.000704061124792821,0.000690327753880116,0.000689211173830362
"2006-08-18",0.000702946238811064,0.000691032025983196,0.000689061005788139
"2006-08-25",0.000705732177883389,0.000692175741656476,0.000685817703698577
"2006-09-01",0.000703505191645082,0.000688386763053384,0.000680159382281387
"2006-09-08",0.000536142160001418,0.000539969054527356,0.000541455486742892
"2006-09-15",0.000654147232046487,0.000670077110954681,0.000677405521409158
"2006-09-22",0.000646200588019896,0.000669935885191375,0.000671778746287321
"2006-09-29",0.000628844366560521,0.000663890176919368,0.000664610461402759
"2006-10-06",0.000640975568033664,0.000668811648444123,0.000662577491367999
"2006-10-13",0.000532102544966273,0.000546368744335668,0.000543551537678821
"2006-10-20",0.000683635797282145,0.000691031456726998,0.00067951143884204
"2006-10-27",0.000696482913427721,0.000695110409513644,0.000681409812467448
"2006-11-03",0.00070771759420829,0.00068920295019459,0.000668239917156921
"2006-11-10",0.000710339986757846,0.000691805020133218,0.000673208762618893
"2006-11-17",0.000710898081219602,0.000692156504841002,0.000675348774513251
"2006-11-24",0.000570332666710804,0.000549212422341627,0.000536045525791451
"2006-12-01",0.000716475634878533,0.000685404607342344,0.000661495954922042
"2006-12-08",0.000687605799527757,0.000678021129719486,0.000653980589871095
"2006-12-15",0.000662092842303563,0.00067190423069019,0.000667278890078338
"2006-12-22",0.000657702545046934,0.000673592679861112,0.000668690282134232
"2006-12-29",0.000516000589330545,0.000543625865079278,0.000539668652768333
"2007-01-05",0.000518789392122576,0.000548406638851695,0.000535660425514672
"2007-01-12",0.000671576420464115,0.000690679957377149,0.00067761858519666
"2007-01-19",0.000542904494112317,0.000556350632748392,0.000547418621540618
"2007-01-26",0.000675478548620712,0.00069911712771642,0.000688224611911092
"2007-02-02",0.00067673487351172,0.00069715049827046,0.000686813762635241
"2007-02-09",0.000697790222990768,0.000700456536303129,0.000684224284659418
"2007-02-16",0.000709362137678804,0.000702144685110095,0.000684174103464441
"2007-02-23",0.000573650157937422,0.000563878782992244,0.000546181291967596
"2007-03-02",0.000713129826940717,0.000699189470980244,0.00066092179576005
"2007-03-09",0.000714941760458387,0.00069187530308179,0.000654224166634298
"2007-03-16",0.000712291571992596,0.000687373397748381,0.000658308013734565
"2007-03-23",0.00071152624600801,0.000685616557335456,0.000661662289013432
"2007-03-30",0.000701133485889072,0.000687092420970314,0.00066062236509068
"2007-04-06",0.000697509834313825,0.000685756316508135,0.000667476373169107
"2007-04-13",0.000687398764597003,0.000683084053529459,0.000676069578676497
"2007-04-20",0.00067303849803424,0.000678091640983869,0.000668965540083111
"2007-04-27",0.000667600412973091,0.000674013158158626,0.000669753017911834
"2007-05-04",0.000642019913920766,0.000660868513054691,0.000670173577817401
"2007-05-11",0.000647316130894193,0.000658689018218084,0.000671091088502385
"2007-05-18",0.000641742832923731,0.000650255986889503,0.000671276065369542
"2007-05-25",0.000670949400332299,0.000661008935187501,0.00067413212511469
"2007-06-01",0.000530704326042297,0.000519445067332924,0.000544794404826465
"2007-06-08",0.000651497999592188,0.00064870868277267,0.000682099055337337
"2007-06-15",0.000626404167855865,0.000632757120042626,0.000683881429486277
"2007-06-22",0.00058939644876288,0.000629739726599521,0.000675783428901289
"2007-06-29",0.000578667763597274,0.000649692334714347,0.000671847801772207
"2007-07-06",0.000505285644174736,0.000534364143728538,0.00054469071217067
"2007-07-13",0.000638394966061107,0.0006702180734528,0.000679077565899577
"2007-07-20",0.000642856313723961,0.000671343033144645,0.000677387251581285
"2007-07-27",0.000671156953400809,0.000670848602285723,0.000661878398775517
"2007-08-03",0.000678267815656053,0.000660094649516108,0.000649672630070652
"2007-08-10",0.000652887088172127,0.000651096693029984,0.00064623502834471
"2007-08-17",0.000532762209666915,0.000568876423139297,0.0006053985610186
"2007-08-24",0.000440877228203185,0.000493100568080829,0.000568041110063477
"2007-08-31",0.000569336952574551,0.00056011774954623,0.000587860155964348
"2007-09-07",0.000474533153107304,0.000464458620252461,0.000470378064664656
"2007-09-14",0.000545020469567836,0.000549147573753128,0.000576180291041339
"2007-09-21",0.000487626265035068,0.000529930506460996,0.000572964835376499
"2007-09-28",0.000450585298639838,0.000508477834278986,0.000557293091961508
"2007-10-05",0.000485817774904973,0.000535681340963823,0.000564575566542436
"2007-10-12",0.000419789013012428,0.000444464401528677,0.000471255849344043
"2007-10-19",0.000508798447860004,0.000547184778754373,0.000570568527170634
"2007-10-26",0.000516895625095604,0.000533998881257824,0.000544278028613343
"2007-11-02",0.000530408896103562,0.000521375700269555,0.000535315095377964
"2007-11-09",0.000506360396957284,0.00047827630598607,0.000499307697716445
"2007-11-16",0.000414768251992603,0.000370164807658835,0.000390154495784056
"2007-11-23",0.000391630700377066,0.000352786905522429,0.00035217445001412
"2007-11-30",0.000481779328937115,0.000419388585539693,0.000434906334071172
"2007-12-07",0.000467360256633409,0.000415120200946362,0.000423086661891503
"2007-12-14",0.000379580411876468,0.000396439809214222,0.000436256890097075
"2007-12-21",0.000348960069955773,0.000399518760810347,0.000441624200794966
"2007-12-28",0.000299900209943083,0.000349723770235899,0.000361761459618082
"2008-01-04",0.000328995298605861,0.000350424717870057,0.000342080403435086
"2008-01-11",0.000452530495303582,0.000435905838822581,0.000402677246816419
"2008-01-18",0.000411805749796157,0.000415819001492679,0.000364306839408357
"2008-01-25",0.000226847993051393,0.000248200775914365,0.000247089662678945
"2008-02-01",0.000250458743075166,0.000288259409978009,0.000298004720967748
"2008-02-08",0.000290522481881439,0.00029552372621211,0.000269079556132645
"2008-02-15",0.000330662177445484,0.000306066704540475,0.000254356838996328
"2008-02-22",0.000256618933088149,0.000240375289996209,0.000217375681630605
"2008-02-29",0.000298589021761053,0.000272138393040855,0.000259572346993142
"2008-03-07",0.000255186448679945,0.000207618612349414,0.000217463284045483
"2008-03-14",0.000213742886469914,0.000185037272787847,0.000212441454030321
"2008-03-21",4.0075254087224e-05,7.87539417885785e-05,0.000152686927407775
"2008-03-28",0.000151737632772431,0.000167203100480462,0.000214717018815147
"2008-04-04",0.000200811540105539,0.000185175792474901,0.000229053901810161
"2008-04-11",0.000153540629259652,0.000175073163609429,0.00022584128907388
"2008-04-18",0.000116984047969115,0.000163093771659018,0.000236898191803947
"2008-04-25",9.44709444645753e-05,0.000173332028210682,0.000261759894783387
"2008-05-02",0.000152081387982506,0.000192284228666573,0.000269417435529551
"2008-05-09",0.000196501902261614,0.000223235130454524,0.000262810756691767
"2008-05-16",0.000244478387211089,0.000246459908876506,0.000279396150542066
"2008-05-23",0.000265063569804269,0.000252319792236166,0.000271529762114309
"2008-05-30",0.000215997066459028,0.000206874987759065,0.000234360824706847
"2008-06-06",0.000254073968251056,0.000250157154862096,0.000296092747057886
"2008-06-13",0.000253519041657491,0.000267322244080326,0.000348790715744673
"2008-06-20",0.000228205281865179,0.00025755301584951,0.00035668857949922
"2008-06-27",0.000191494438308792,0.000243599643100945,0.000335427090777385
"2008-07-04",0.000187342755843867,0.000190409452446305,0.000258727162272931
"2008-07-11",0.000224310759220137,0.00023383478820671,0.000308685366283923
"2008-07-18",0.000176756743513806,0.000188661523885525,0.000302743897672375
"2008-07-25",0.000207626952460682,0.000214871419519591,0.000319055097535825
"2008-08-01",0.000218470139425664,0.000228813227791003,0.00031176842301428
"2008-08-08",0.000212074573681331,0.000227698137953203,0.000308764405169581
"2008-08-15",0.000237245559214339,0.00024945976427615,0.000299123585594918
"2008-08-22",0.000235159345141733,0.000234671827431088,0.000293150473610115
"2008-08-29",0.000218888163149966,0.000229653398422958,0.000296297492903275
"2008-09-05",0.000174550702715326,0.000185114194914959,0.000233126194526978
"2008-09-12",0.000204564808604202,0.000221003661791563,0.000286925178924369
"2008-09-19",3.19474513617024e-05,7.09016437248078e-05,0.000235975655528797
"2008-09-26",3.63943381214149e-05,7.86836971320426e-05,0.000273517390039002
"2008-10-03",3.19487403150909e-05,7.00497376715514e-05,0.000226163747174768
"2008-10-10",2.13902985406467e-05,6.6989695374664e-05,0.000188343726978069
"2008-10-17",6.73633823944364e-06,4.50288322295656e-05,0.000156929258981586
"2008-10-24",4.83374327817643e-05,0.000133497908473279,0.000226660722670191
"2008-10-31",2.1873623345936e-05,7.61670479445531e-05,0.00020211701146744
"2008-11-07",1.63897072282815e-05,5.04404376051593e-05,0.000175096185543788
"2008-11-14",7.3585316726632e-06,1.7920660984494e-05,0.000125958491275835
"2008-11-21",5.83343746374254e-06,7.91740746008962e-06,0.000135358103008132
"2008-11-28",2.36113288742956e-06,3.19457594311068e-06,0.000102123741872795
"2008-12-05",2.77780405122385e-06,2.43049377668392e-06,9.27596451079093e-05
"2008-12-12",1.66667554046818e-06,2.01393070620171e-06,6.20740706305245e-05
"2008-12-19",1.38889444478707e-06,1.8750402765999e-06,5.88531947802728e-05
"2008-12-26",1.11111527800745e-06,1.25001782924627e-06,4.94729202271671e-05
"2009-01-02",1.52778661277608e-06,4.51422462610651e-06,4.11316575887888e-05
"2009-01-09",3.81949222183486e-06,1.06260550507553e-05,6.25430001657268e-05
"2009-01-16",3.95837900546425e-06,1.18763637040331e-05,6.04639491770254e-05
"2009-01-23",2.56946908572253e-06,1.11819855661555e-05,5.19191404866337e-05
"2009-01-30",9.65323241453042e-06,2.22969243097726e-05,6.84557804473407e-05
"2009-02-06",2.6321493104664e-05,3.94587754168896e-05,7.93684754150092e-05
"2009-02-13",2.96553491920815e-05,3.86943379779847e-05,8.81003216131049e-05
"2009-02-20",2.27796058975827e-05,3.09832026768042e-05,7.20304950139194e-05
"2009-02-27",2.34737999480483e-05,3.67485092234165e-05,0.000106482856382373
"2009-03-06",1.48617541078089e-05,2.91745204641369e-05,0.00010423972777418
"2009-03-13",1.3958895114019e-05,2.7715381651694e-05,0.000103390109656099
"2009-03-20",1.1250362758064e-05,2.88965719137391e-05,9.47898504866096e-05
"2009-03-27",4.58341190645584e-06,2.30605311715149e-05,8.75694283579698e-05
"2009-04-03",1.74315633283406e-05,2.40332298782064e-05,8.66592690860202e-05
"2009-04-10",1.54869270676539e-05,1.97266255625994e-05,6.84031657511852e-05
"2009-04-17",8.54193283639226e-06,2.04899945106529e-05,7.54698757432504e-05
"2009-04-24",7.22238415806764e-06,1.56967222828541e-05,7.02545270532262e-05
"2009-05-01",4.44451190828588e-06,1.4793783335465e-05,6.40330434631409e-05
"2009-05-08",1.7223088394358e-05,2.41025664824424e-05,6.90109545227191e-05
"2009-05-15",1.72230741266599e-05,2.16709768612322e-05,6.52463547283766e-05
"2009-05-22",1.52784626836766e-05,2.2921516295904e-05,5.9215273882085e-05
"2009-05-29",1.42368270694693e-05,1.65309022930327e-05,5.020788659027e-05
"2009-06-05",1.47923171474051e-05,1.63916828936905e-05,7.1483588971244e-05
"2009-06-12",1.02086424429437e-05,2.29909755600222e-05,8.28180962930691e-05
"2009-06-19",1.15976384169603e-05,2.29214993190396e-05,7.07522578404784e-05
"2009-06-26",1.06253550118396e-05,2.44499413337707e-05,6.47227330958788e-05
"2009-07-03",1.30561529607665e-05,1.77118859425729e-05,5.61577583637618e-05
"2009-07-10",1.97233461767254e-05,2.23657316256176e-05,6.52725134078214e-05
"2009-07-17",1.95844349537566e-05,2.34772796423588e-05,6.31912257913481e-05
"2009-07-24",2.00706094308778e-05,2.36857313928862e-05,6.23694823684851e-05
"2009-07-31",1.74314332461734e-05,2.4380459521911e-05,6.51475043835781e-05
"2009-08-07",1.90982725498667e-05,2.43109788784501e-05,7.1446021818522e-05
"2009-08-14",1.56257062322585e-05,2.20878230883237e-05,6.76259827832038e-05
"2009-08-21",1.32644094297252e-05,2.24351790942823e-05,6.13484430942446e-05
"2009-08-28",1.34033149390422e-05,2.01426336836619e-05,5.79801276676672e-05
"2009-09-04",1.35421927456303e-05,1.72944493965765e-05,5.77664373262454e-05
"2009-09-11",9.09750977218238e-06,1.47246973964954e-05,4.40502612735205e-05
"2009-09-18",5.4862077665252e-06,1.37518454279562e-05,5.21980837147051e-05
"2009-09-25",3.40281576272083e-06,1.20152278197949e-05,5.26224618522253e-05
"2009-10-02",2.50002612123268e-06,1.29182024211083e-05,5.35719638752319e-05
"2009-10-09",4.51394735323518e-06,1.07649761587059e-05,5.16820602893819e-05
"2009-10-16",4.86119737641566e-06,6.66717199737654e-06,4.08675263610103e-05
"2009-10-23",4.79173984535564e-06,7.56997549733462e-06,5.34038642989731e-05
"2009-10-30",3.12502877863885e-06,6.59762908661321e-06,5.37254495609485e-05
"2009-11-06",5.2778737220649e-06,5.48639594488698e-06,4.98238094359671e-05
"2009-11-13",5.55566551230235e-06,5.62537059822787e-06,3.69574156695585e-05
"2009-11-20",4.30561714503952e-06,4.02797766541063e-06,3.95265146826418e-05
"2009-11-27",5.00008810977448e-06,2.4306249566397e-06,2.75877013622416e-05
"2009-12-04",1.00697430305274e-05,5.34749634906184e-06,4.2645119286755e-05
"2009-12-11",6.3196109889585e-06,1.66670223866738e-06,4.63381840665189e-05
"2009-12-18",2.77778327451017e-07,4.44463522542016e-06,5.0951219616957e-05
"2009-12-25",2.77778231083659e-07,4.86139291377974e-06,4.52815515061822e-05
"2010-01-01",1.04168185788289e-06,5.6253779230353e-06,4.99410860177463e-05
"2010-01-08",3.68059845734514e-06,6.73653737170987e-06,5.84312893896488e-05
"2010-01-15",6.25005273535706e-07,5.55586716632916e-06,4.87929298720324e-05
"2010-01-22",2.08334921891762e-06,4.93083251695836e-06,3.41572011404168e-05
"2010-01-29",2.77778703816622e-07,8.95909420806085e-06,4.16138649785847e-05
"2010-02-05",4.65284091544227e-06,1.22930557246992e-05,4.47532678942153e-05
"2010-02-12",4.23616811451311e-06,1.25708969809235e-05,4.85303344581745e-05
"2010-02-19",5.13899546739083e-06,1.05568439210391e-05,3.9914662890661e-05
"2010-02-26",9.23636669747374e-06,1.45158506252852e-05,4.7562139115831e-05
"2010-03-05",1.06947845073257e-05,1.81280386155613e-05,4.82328593369719e-05
"2010-03-12",1.30560481206299e-05,2.01426136521299e-05,5.61723438907702e-05
"2010-03-19",1.59729762123639e-05,1.9934208672856e-05,5.64900698531989e-05
"2010-03-26",1.48617502178094e-05,1.8128023366204e-05,5.77107687658174e-05
"2010-04-02",1.85426768182229e-05,1.92395765579167e-05,6.32477867767989e-05
"2010-04-09",2.13207509700553e-05,2.20183377008798e-05,6.74662952053762e-05
"2010-04-16",2.04178682545741e-05,2.00036829474115e-05,6.134910176403e-05
"2010-04-23",1.91677248029265e-05,2.07678487018637e-05,6.25956220203783e-05
"2010-04-30",1.84732057755266e-05,2.15320438139432e-05,6.30555213929629e-05
"2010-05-07",1.45839638370227e-05,1.9170099175847e-05,6.22337307734089e-05
"2010-05-14",1.86121266909645e-05,2.04205007119374e-05,5.74005156084301e-05
"2010-05-21",2.20152882983715e-05,2.11152080213939e-05,5.56632096657683e-05
"2010-05-28",2.04873186460119e-05,2.11846916660097e-05,5.940209997779e-05
"2010-06-04",1.31950506356837e-05,1.54193762238464e-05,4.77061192440953e-05
"2010-06-11",8.75023711799372e-06,1.20847069122743e-05,5.73611551308861e-05
"2010-06-18",4.37506066841564e-06,1.10428299657794e-05,5.30534797744675e-05
"2010-06-25",5.0000804536765e-06,1.63913677080352e-05,4.78070527152319e-05
"2010-07-02",1.48618857913618e-05,2.09762940563962e-05,5.11365551179033e-05
"2010-07-09",1.7431622170383e-05,1.68087676262196e-05,3.80551127752149e-05
"2010-07-16",1.99317035187718e-05,1.9725800472381e-05,4.46095670671998e-05
"2010-07-23",1.92371805913805e-05,1.98647366860261e-05,4.24905529901043e-05
"2010-07-30",1.90288221204593e-05,1.97952631548759e-05,4.4330408473181e-05
"2010-08-06",1.87510125684298e-05,1.95173880443988e-05,4.53975832368503e-05
"2010-08-13",1.80564984992859e-05,2.02815796486178e-05,3.75987533507427e-05
"2010-08-20",1.91677274556934e-05,2.0489989060346e-05,3.98003352672927e-05
"2010-08-27",2.15291186180799e-05,2.01426308463759e-05,3.94543451456286e-05
"2010-09-03",1.95149891402124e-05,1.71555136270207e-05,4.03287504091576e-05
"2010-09-10",1.18060415110754e-05,1.42384257995065e-05,3.04400976958163e-05
"2010-09-17",1.40283555858378e-05,2.00731480211047e-05,4.27752103873136e-05
"2010-09-24",1.48617516548821e-05,2.04204953164755e-05,4.02815158790926e-05
"2010-10-01",1.43062267863314e-05,1.88922141430847e-05,3.75774325356293e-05
"2010-10-08",1.86121099894354e-05,1.81974994573064e-05,3.47992294977839e-05
"2010-10-15",1.50702565422378e-05,1.38216428369198e-05,2.75752019855968e-05
"2010-10-22",1.81259636486963e-05,1.81974851345412e-05,3.24184149567142e-05
"2010-10-29",1.72925472572416e-05,1.61135017373581e-05,3.39116167411557e-05
"2010-11-05",1.72925433108428e-05,1.50020796514383e-05,3.39370681392559e-05
"2010-11-12",1.15282278312367e-05,1.29185573991553e-05,2.97525826569167e-05
"2010-11-19",1.56951626593127e-05,1.79196210388088e-05,4.10923046716416e-05
"2010-11-26",1.40979112512873e-05,1.52109589575122e-05,3.16356550753571e-05
"2010-12-03",2.06262238968691e-05,1.99342090785315e-05,4.41765414649353e-05
"2010-12-10",1.41672516218438e-05,1.77112179389205e-05,4.5551558651713e-05
"2010-12-17",9.79194373806891e-06,1.66692213838804e-05,4.50726170759808e-05
"2010-12-24",4.09728877714954e-06,1.33353577178585e-05,3.42771296786282e-05
"2010-12-31",4.9306441525232e-06,1.59051191017667e-05,4.78810118844653e-05
"2011-01-07",1.52090232390378e-05,1.75028386562026e-05,4.7626656948907e-05
"2011-01-14",1.83343006350256e-05,1.91700465739242e-05,4.47749857204194e-05
"2011-01-21",1.54869526913792e-05,1.66698316368397e-05,3.43758207790312e-05
"2011-01-28",1.83342968149702e-05,2.02815513787868e-05,4.00501940569509e-05
"2011-02-04",1.82648481530379e-05,2.02120836072517e-05,4.41848603738304e-05
"2011-02-11",1.40283535745578e-05,1.785016386191e-05,4.92512749301621e-05
"2011-02-18",1.08336694140121e-05,1.38212094660251e-05,4.6388220057425e-05
"2011-02-25",1.15282573587283e-05,1.28491216637716e-05,3.24620937475206e-05
"2011-03-04",1.48617514956761e-05,1.74333534088689e-05,4.37234899617334e-05
"2011-03-11",8.54188484500362e-06,1.19457871161632e-05,4.04847797157437e-05
"2011-03-18",6.45845725610883e-06,1.03482074167438e-05,3.65932965626925e-05
"2011-03-25",5.76398607687878e-06,1.04871324468903e-05,3.872264995608e-05
"2011-04-01",4.30561415543096e-06,1.13206463716597e-05,4.45302522780189e-05
"2011-04-08",1.87501353221542e-06,5.83364835393674e-06,4.2756842787206e-05
"2011-04-15",3.05558724722488e-06,6.94491811237263e-06,4.03667169939226e-05
"2011-04-22",2.29168645615729e-06,5.69481369883107e-06,2.99952179176888e-05
"2011-04-29",2.91669104957037e-06,5.83364991690871e-06,3.63030799930275e-05
"2011-05-06",1.11111487277604e-06,2.36117063523444e-06,3.28490244903001e-05
"2011-05-13",1.66667491341421e-06,2.22226952528715e-06,3.00417591068136e-05
"2011-05-20",2.1527921103548e-06,4.5835369528735e-06,2.85265693575898e-05
"2011-05-27",3.33336828495234e-06,6.11145427886761e-06,2.80401853596235e-05
"2011-06-03",3.05558950652873e-06,4.51412607027635e-06,2.66369701911184e-05
"2011-06-10",2.5000193482061e-06,4.2362882268776e-06,3.13441940558157e-05
"2011-06-17",1.38889470502335e-06,5.13914225486189e-06,3.22199430264902e-05
"2011-06-24",6.94446248061809e-07,1.736139561892e-06,2.87243717000951e-05
"2011-07-01",4.1666743832991e-07,2.22226837509609e-06,3.1070697178226e-05
"2011-07-08",9.72229400542091e-07,1.38891549061881e-06,2.69589553207883e-05
"2011-07-15",5.55557069681356e-07,1.18057719489251e-06,2.90296348475216e-05
"2011-07-22",2.70837080496023e-06,2.22231251512106e-06,2.97767964410056e-05
"2011-07-29",1.21533058332624e-05,8.47295612182997e-06,3.68376226298484e-05
"2011-08-05",4.65292877649404e-06,3.81969173868235e-06,3.05699806490978e-05
"2011-08-12",1.45834266973566e-06,1.38891474787961e-06,2.38996404131608e-05
"2011-08-19",2.7777826971942e-07,6.94448871518816e-07,2.05225753779903e-05
"2011-08-26",5.55557166270759e-07,5.55560918158449e-07,1.46854424500908e-05
"2011-09-02",1.11111944467446e-06,1.45835760068103e-06,1.62062602513391e-05
"2011-09-09",7.63892242794384e-07,1.11112682299463e-06,1.29133675770277e-05
"2011-09-16",2.77778240853621e-07,8.33340369155167e-07,2.01441913938449e-05
"2011-09-23",1.3888910110893e-07,6.94451106841854e-07,1.78633687764052e-05
"2011-09-30",2.7777826971942e-07,1.3889151724289e-06,1.69839305088626e-05
"2011-10-07",4.16667843561314e-07,9.0278678377409e-07,2.37996151666309e-05
"2011-10-14",1.25000571715717e-06,1.11112929501722e-06,1.88040778399401e-05
"2011-10-21",1.5277853588902e-06,2.08337493345923e-06,2.26816775181771e-05
"2011-10-28",9.72227828466288e-07,7.63896993216662e-07,2.43788065854567e-05
"2011-11-04",6.94446759208489e-07,4.16670647540585e-07,2.27317185990117e-05
"2011-11-11",4.1666743832991e-07,2.08334382190145e-07,1.10956551055974e-05
"2011-11-18",4.86112350595036e-07,1.11112553535797e-06,1.74847157661251e-05
"2011-11-25",1.11111636780237e-06,9.72237018004307e-07,1.05118051958453e-05
"2011-12-02",9.305587529429e-07,-2.77767515544092e-07,2.00467012372307e-05
"2011-12-09",1.3888910110893e-07,6.94462987116395e-08,2.10737951058526e-05
"2011-12-16",6.94444974858044e-08,8.33341213368755e-07,2.06683401651198e-05
"2011-12-23",2.08333629903024e-07,4.16669772462797e-07,1.96961886380631e-05
"2011-12-30",1.3888910110893e-07,4.86115287356981e-07,1.70929659231156e-05
"2012-01-06",4.16667959246553e-07,1.11112682299463e-06,1.71759978051522e-05
"2012-01-13",1.59723342019191e-06,1.94449225654481e-06,2.08916620421107e-05
"2012-01-20",2.2916904973691e-06,3.88906913029174e-06,1.57076444380344e-05
"2012-01-27",3.1250406957728e-06,5.41694927735925e-06,1.91310508828035e-05
"2012-02-03",6.87514423636237e-06,7.77837086718414e-06,2.05209099852777e-05
"2012-02-10",6.04177779983672e-06,1.00703933409996e-05,2.45046872444643e-05
"2012-02-17",6.38900704852396e-06,1.22930681574207e-05,2.64306482289367e-05
"2012-02-24",4.51399281531373e-06,8.19524798845173e-06,2.24118122040817e-05
"2012-03-02",7.70851127085415e-06,1.07649717326908e-05,2.83384668693376e-05
"2012-03-09",7.15293003916706e-06,9.16746297630056e-06,3.07311467755422e-05
"2012-03-16",8.05575359463795e-06,1.11817048082941e-05,3.26595087949411e-05
"2012-03-23",8.75022164104067e-06,1.08344134657212e-05,3.32185623073133e-05
"2012-03-30",5.27786126713892e-06,9.09798602144463e-06,3.16139737033261e-05
"2012-04-06",7.6390620709077e-06,9.23690716092551e-06,3.43577482313506e-05
"2012-04-13",9.16691014762883e-06,1.09038758662194e-05,3.0671949065475e-05
"2012-04-20",6.31956262586719e-06,9.79254901878335e-06,2.8059171653938e-05
"2012-04-27",8.19464964263439e-06,1.13900898102148e-05,2.82849573804977e-05
"2012-05-04",6.38901541849535e-06,1.0626043694284e-05,3.02393666620215e-05
"2012-05-11",9.16691318142426e-06,1.1667930000625e-05,2.9969929332907e-05
"2012-05-18",8.8891190783702e-06,1.15290069815366e-05,3.13360425172604e-05
"2012-05-25",7.43072794229249e-06,1.03482330704452e-05,3.12996460898329e-05
"2012-06-01",4.02783702835308e-06,7.63955447458109e-06,2.47481714767961e-05
"2012-06-08",6.38900762228722e-06,1.02787609344013e-05,3.23396797754505e-05
"2012-06-15",7.50017002348891e-06,1.2293060144053e-05,3.24773740847384e-05
"2012-06-22",5.27786007120667e-06,1.09733290520886e-05,3.40648912569019e-05
"2012-06-29",4.65284096118346e-06,1.13206223197881e-05,3.49331090367944e-05
"2012-07-06",5.90291040380997e-06,7.84792960506486e-06,2.84708132363143e-05
"2012-07-13",9.58360286462678e-06,1.17373889736427e-05,3.22067270919213e-05
"2012-07-20",6.73625249225651e-06,1.18068371346425e-05,2.85511081348222e-05
"2012-07-27",8.54188431476111e-06,1.35433559542708e-05,2.83429427596626e-05
"2012-08-03",5.41675510401518e-06,1.1529014515288e-05,2.74516847491579e-05
"2012-08-10",8.75025381996686e-06,1.2918235468895e-05,3.02522128101668e-05
"2012-08-17",1.21532035464167e-05,1.15290030349158e-05,3.17121187047853e-05
"2012-08-24",1.29171519445137e-05,1.26403729239222e-05,3.00092689953235e-05
"2012-08-31",1.38200006503109e-05,1.2918215656299e-05,2.89053924757976e-05
"2012-09-07",1.06253940073131e-05,1.08346817326854e-05,2.25782488671999e-05
"2012-09-14",1.14587116764042e-05,1.36128146617231e-05,2.83034759536172e-05
"2012-09-21",7.01403441749626e-06,1.35433596017975e-05,2.93964991293638e-05
"2012-09-28",3.68061187216995e-06,1.20152238809457e-05,2.84555219336458e-05
"2012-10-05",1.09726029979829e-05,1.28487521253717e-05,2.87205579161398e-05
"2012-10-12",1.25005558597735e-05,1.10430555968488e-05,2.36865167515532e-05
"2012-10-19",1.45145005050473e-05,1.34044263686572e-05,2.9901371610519e-05
"2012-10-26",1.42367356747997e-05,1.42379913647961e-05,2.9963133696409e-05
"2012-11-02",7.98636313548151e-06,1.07652188106044e-05,2.41431897602951e-05
"2012-11-09",1.24310561671059e-05,1.17373925385689e-05,3.03954285927333e-05
"2012-11-16",1.36117577742567e-05,8.82033086568867e-06,2.3859958166117e-05
"2012-11-23",1.28478047394243e-05,8.95924315624796e-06,2.41211924687512e-05
"2012-11-30",1.97233509713346e-05,1.16679193309377e-05,2.95360392470467e-05
"2012-12-07",1.3681117911446e-05,1.1112256690371e-05,2.93091458212213e-05
"2012-12-14",3.61115547908852e-06,7.77838117760332e-06,2.69105911396839e-05
"2012-12-21",1.38889656664531e-06,4.93081922625649e-06,2.58860662221139e-05
"2012-12-28",1.25000785344831e-06,5.13927152856475e-06,2.1192379028534e-05
"2013-01-04",4.93065337603404e-06,6.59773301991962e-06,1.94013932135473e-05
"2013-01-11",4.37506293282652e-06,8.33397946875536e-06,2.27102912189192e-05
"2013-01-18",7.08347857236724e-06,9.93146572736414e-06,2.41650741736876e-05
"2013-01-25",5.06954379120295e-06,7.70901717417338e-06,1.80357072958603e-05
"2013-02-01",3.40281281863142e-06,8.82017222236797e-06,2.34465112627369e-05
"2013-02-08",4.51394775335956e-06,8.40343309937985e-06,2.29947812546705e-05
"2013-02-15",1.00003086931366e-05,1.11122848582834e-05,2.56133719054308e-05
"2013-02-22",1.06948611495739e-05,1.28491131277109e-05,2.01165665154601e-05
"2013-03-01",9.9308407943699e-06,1.49326051128718e-05,2.44259823827253e-05
"2013-03-08",1.05558943428452e-05,1.20152265294937e-05,2.40416966772461e-05
"2013-03-15",1.05558816967388e-05,1.20846783400186e-05,2.41225701949066e-05
"2013-03-22",9.09746537303135e-06,9.30635408291636e-06,2.30878133717916e-05
"2013-03-29",5.83345259985713e-06,7.57009937601971e-06,1.92236055063244e-05
"2013-04-05",7.70850503695186e-06,8.47288570415827e-06,2.29848929194088e-05
"2013-04-12",6.59734867203277e-06,8.40343430486001e-06,2.19356100112922e-05
"2013-04-19",4.51394772449376e-06,6.94488974395391e-06,2.00657329458842e-05
"2013-04-26",5.20841240292391e-06,6.87543508148813e-06,1.98216022426756e-05
"2013-05-03",3.05558334567912e-06,6.52817065915912e-06,1.96422563594201e-05
"2013-05-10",1.25000640416317e-06,4.86133275834355e-06,1.9313059802295e-05
"2013-05-17",9.72225870476962e-07,4.23628397694387e-06,1.96306030764148e-05
"2013-05-24",2.01390394471979e-06,5.13913734234706e-06,2.02947143501664e-05
"2013-05-31",1.80556817364064e-06,3.88907201243072e-06,1.73950434454451e-05
"2013-06-07",4.44450718695144e-06,5.27804481231797e-06,2.35665268821794e-05
"2013-06-14",4.93062732576099e-06,5.97254977230399e-06,2.28273772182597e-05
"2013-06-21",3.26392090110872e-06,5.69474338707465e-06,2.24020746173448e-05
"2013-06-28",1.38889526191122e-06,6.0420059397881e-06,2.71744774156257e-05
"2013-07-05",1.80556977258384e-06,2.36118504126637e-06,2.0634204991099e-05
"2013-07-12",2.63890978025039e-06,4.30572868403978e-06,2.37313456443733e-05
"2013-07-19",1.11111495981753e-06,3.19454117891915e-06,2.0580145922322e-05
"2013-07-26",1.18056006215284e-06,1.94448037804662e-06,2.10189737304134e-05
"2013-08-02",1.18056051312543e-06,3.8195905873728e-06,2.20790407983174e-05
"2013-08-09",5.27786371007366e-06,6.1114580844901e-06,2.27179252567655e-05
"2013-08-16",6.04177370022718e-06,6.667081558831e-06,2.29627089385342e-05
"2013-08-23",1.7361276285488e-06,4.65298339147324e-06,2.31107435670896e-05
"2013-08-30",2.70835456928076e-06,2.70840636851233e-06,2.20539803581499e-05
"2013-09-06",2.08335038598406e-06,1.80559364482136e-06,2.03342399014428e-05
"2013-09-13",1.6666747635341e-06,1.87503310011827e-06,2.22043952662343e-05
"2013-09-20",8.33335612071551e-07,7.6389700520707e-07,1.85840723203601e-05
"2013-09-27",2.77780925239668e-06,1.87503565385327e-06,1.67293361572618e-05
"2013-10-04",1.21532909538313e-05,2.56951081700763e-06,1.89736171563037e-05
"2013-10-11",3.59066149715481e-05,5.48640932729327e-06,2.53517749935206e-05
"2013-10-18",1.45151444843616e-05,6.80618193027449e-06,2.01445504963704e-05
"2013-10-25",2.15279220450171e-06,3.88903088843762e-06,2.09987160373348e-05
"2013-11-01",3.9583797195597e-06,4.16683695747544e-06,2.09811676223914e-05
"2013-11-08",4.65284405759547e-06,6.31982320542512e-06,2.10418074189089e-05
"2013-11-15",5.27787723303419e-06,7.36173367776871e-06,1.76304488144208e-05
"2013-11-22",3.95837867039894e-06,9.44526557367098e-06,2.16105949752965e-05
"2013-11-29",3.8889451015045e-06,6.38935335306456e-06,1.76964931553059e-05
"2013-12-06",3.19447364027781e-06,7.08381517688927e-06,2.41057060705874e-05
"2013-12-13",2.56946413013104e-06,8.19506635263423e-06,2.41205849667026e-05
"2013-12-20",1.25000725548219e-06,8.40342863472898e-06,2.45734795909502e-05
"2013-12-27",3.47222817609349e-07,6.94499692310835e-06,1.82879016923376e-05
"2014-01-03",6.94446267379689e-07,7.15336347467677e-06,2.01212613568647e-05
"2014-01-10",7.63890801058764e-07,5.8336477051224e-06,2.33924270407471e-05
"2014-01-17",6.25001429943595e-07,4.51407622792388e-06,2.1122403852436e-05
"2014-01-24",2.0139225656024e-06,3.95852161250154e-06,1.62336591449375e-05
"2014-01-31",4.65284419259859e-06,4.65300948793157e-06,2.05387104634802e-05
"2014-02-07",5.90293056901281e-06,7.29222953066433e-06,2.24566489468447e-05
"2014-02-14",4.02784598918515e-06,5.27806005434783e-06,2.20608717209636e-05
"2014-02-21",1.3888963326103e-06,3.61127292203278e-06,1.53503966722202e-05
"2014-02-28",4.02783153297115e-06,5.55584507244689e-06,1.91032946788017e-05
"2014-03-07",6.94458624272976e-06,6.52816927249056e-06,2.13089180660653e-05
"2014-03-14",6.52790486443955e-06,5.55584977024459e-06,2.15317999419096e-05
"2014-03-21",6.80569072497583e-06,7.43106423128914e-06,2.24380586857365e-05
"2014-03-28",4.5833969846143e-06,5.69474409628512e-06,2.11018490758885e-05
"2014-04-04",3.19447398755557e-06,2.77785713076462e-06,1.91854286237803e-05
"2014-04-11",4.37505693340334e-06,4.23627915147051e-06,1.69560106000333e-05
"2014-04-18",2.98614154892185e-06,3.47235877429242e-06,1.35728411749803e-05
"2014-04-25",1.59723070725093e-06,2.43061853777427e-06,1.59271671966721e-05
"2014-05-02",1.38889820844312e-06,2.08338008911291e-06,1.47819365461377e-05
"2014-05-09",1.66667611400939e-06,2.84730139199496e-06,1.44812210780554e-05
"2014-05-16",1.38889498435546e-06,2.77784910052148e-06,1.42364600683731e-05
"2014-05-23",2.84725510035777e-06,3.61123780523442e-06,1.20930468874292e-05
"2014-05-30",3.81949703753826e-06,3.47236037545606e-06,1.13521422944185e-05
"2014-06-06",4.16671836478422e-06,3.95847808620786e-06,1.67634958569973e-05
"2014-06-13",2.98613678650916e-06,4.79187936486269e-06,1.79629745495902e-05
"2014-06-20",2.43057387150358e-06,2.43061658933286e-06,1.95435166459035e-05
"2014-06-27",8.3333627021176e-07,2.36117405716385e-06,1.8252109148964e-05
"2014-07-04",1.25000538209186e-06,1.45836285514456e-06,1.64568850085089e-05
"2014-07-11",2.36112904139496e-06,1.94448187063045e-06,1.90866607241436e-05
"2014-07-18",2.77780217050605e-06,1.73613987342058e-06,1.6529284863287e-05
"2014-07-25",3.12502970700734e-06,2.63896306229583e-06,1.49930880568583e-05
"2014-08-01",1.9444588663653e-06,3.68068100264907e-06,1.8056978396519e-05
"2014-08-08",1.94445815471234e-06,2.2917200852568e-06,1.77858384737828e-05
"2014-08-15",3.6111488332935e-06,4.30572647980298e-06,1.57673053784446e-05
"2014-08-22",3.68059472455329e-06,2.91675037233929e-06,1.56893565774752e-05
"2014-08-29",2.63890920382259e-06,2.29172910160003e-06,1.44178063699041e-05
"2014-09-05",1.458340844529e-06,2.5000759364957e-06,1.21689141514558e-05
"2014-09-12",8.33335747074671e-07,2.29171654497762e-06,1.61225184593938e-05
"2014-09-19",3.47223271246477e-07,1.66669291123966e-06,1.51203431943969e-05
"2014-09-26",1.38889440837175e-07,3.47232711250811e-07,1.28286028320268e-05
"2014-10-03",9.72226620765682e-07,1.52780027051769e-06,1.74456194383943e-05
"2014-10-10",1.18056112796694e-06,1.11112399459046e-06,1.59237761392372e-05
"2014-10-17",2.43058214732805e-06,1.87505314652725e-06,1.13578656566471e-05
"2014-10-24",3.05558383972837e-06,1.94448651047452e-06,1.35832553349591e-05
"2014-10-31",4.16668709091184e-07,1.04167796122212e-06,1.44718920198628e-05
"2014-11-07",4.65284195017013e-06,1.94449609591807e-06,2.00007556940829e-05
"2014-11-14",4.37506860451187e-06,1.59725513704245e-06,1.65479190261664e-05
"2014-11-21",3.40282147059945e-06,6.94450549953984e-07,1.99281400614648e-05
"2014-11-28",3.75004969699333e-06,1.3194644823411e-06,1.67644985411552e-05
"2014-12-05",2.77780709923015e-06,1.45835492415536e-06,2.57200507485233e-05
"2014-12-12",3.61115623137565e-06,1.87504669613148e-06,3.14804615533237e-05
"2014-12-19",2.083351401172e-06,2.50009141611329e-06,3.69294563509204e-05
"2014-12-26",6.94446607552024e-07,5.55585803141412e-07,3.38363127445618e-05
"2015-01-02",4.16669637459677e-07,9.02800239455104e-07,3.20315039648023e-05
"2015-01-09",1.80556555995359e-06,1.80559082818554e-06,3.67111574759438e-05
"2015-01-16",2.15279196336127e-06,2.98619754657281e-06,2.7724295474707e-05
"2015-01-23",9.72227823581306e-07,1.66670029022598e-06,2.18288959392687e-05
"2015-01-30",1.8055652488691e-06,9.7223182882189e-07,2.67529635280539e-05
"2015-02-06",1.38889444478707e-06,1.25002086037718e-06,3.1259933322092e-05
"2015-02-13",1.38889473388915e-06,1.87503819559787e-06,3.46410244431716e-05
"2015-02-20",1.04167206549377e-06,1.66670166223959e-06,2.55085038369796e-05
"2015-02-27",2.08334652773701e-06,2.08337665030811e-06,3.42193066831253e-05
"2015-03-06",1.04167004000288e-06,1.1111238016337e-06,3.90557157678995e-05
"2015-03-13",2.50002188484366e-06,2.08338601659364e-06,4.11385844782952e-05
"2015-03-20",2.01391116916305e-06,3.19457709152537e-06,4.38575938106478e-05
"2015-03-27",9.02781903455718e-07,2.36119619190234e-06,4.16167744026197e-05
"2015-04-03",2.50002402624183e-06,1.38953925477026e-07,3.98409851023462e-05
"2015-04-10",2.63891086071943e-06,2.222274114283e-06,3.60258248115475e-05
"2015-04-17",3.26392158589428e-06,2.152820590684e-06,3.51949871364443e-05
"2015-04-24",1.66667623435757e-06,2.36116732432734e-06,3.34398839723082e-05
"2015-05-01",-1.38885647982256e-07,1.31946298953523e-06,3.58322252840271e-05
"2015-05-08",7.63891066180022e-07,1.31946621162449e-06,3.72187919213118e-05
"2015-05-15",1.11111537659525e-06,1.45835492415536e-06,3.81818751611362e-05
"2015-05-22",1.18056111353404e-06,1.38890711109951e-06,3.75308741034086e-05
"2015-05-29",9.02781114975326e-07,7.63896841338152e-07,3.12479978348268e-05
"2015-06-05",1.52778547457544e-06,1.52780350148873e-06,4.48229312586257e-05
"2015-06-12",1.30556248123526e-06,1.52780037154798e-06,4.99529945108268e-05
"2015-06-19",-6.9444289640952e-07,5.55558637094222e-07,4.79249693892125e-05
"2015-06-26",-1.94443098955333e-06,4.86113498121554e-07,4.5614710065367e-05
"2015-07-03",-5.55551646908015e-07,9.72233400897693e-07,3.89207077871045e-05
"2015-07-10",1.87501133797063e-06,1.31946062431609e-06,4.07079302424673e-05
"2015-07-17",2.29168355536657e-06,1.38920284165067e-07,4.36951158888643e-05
"2015-07-24",4.02782722863648e-06,3.68069055256548e-06,4.8913481441426e-05
"2015-07-31",4.86118067266617e-06,6.66710844443585e-06,4.5763390063458e-05
"2015-08-07",4.16671801795054e-06,8.19507768867744e-06,5.48895613246003e-05
"2015-08-14",4.51395531353427e-06,9.65367304184284e-06,5.68293907392547e-05
"2015-08-21",1.66667713163982e-06,5.00027495453637e-06,5.64171285863946e-05
"2015-08-28",2.08334837004109e-06,4.58359081578763e-06,5.38666336393767e-05
"2015-09-04",5.55558179238247e-07,8.33395480404064e-07,5.93155288699521e-05
"2015-09-11",2.08335118623282e-06,2.70842429284102e-06,4.90744865870862e-05
"2015-09-18",-9.16643139281526e-07,2.01400182842093e-06,6.57953080140938e-05
"2015-09-25",-3.12497021648372e-06,-6.24981031038807e-07,5.54197341899876e-05
"2015-10-02",-2.43053587967168e-06,-1.73607719278213e-06,5.13448004804129e-05
"2015-10-09",-1.3888797453232e-06,-3.47216589480226e-07,4.87889464089175e-05
"2015-10-16",4.86118976628092e-07,-2.77774382717588e-07,3.73845275591922e-05
"2015-10-23",9.09752549360654e-06,2.08339349550002e-07,4.74577268061438e-05
"2015-10-30",1.4583409599922e-06,5.06976748781973e-06,5.60165230976128e-05
"2015-11-06",2.98614730720459e-06,7.56999658535484e-06,7.21252901674241e-05
"2015-11-13",5.41678457399719e-06,1.12515242975952e-05,6.90767812598914e-05
"2015-11-20",5.20841743290035e-06,1.29876656971284e-05,8.41020612547538e-05
"2015-11-27",8.12523982207658e-06,1.62530357186164e-05,6.91945960589191e-05
"2015-12-04",1.75704370053431e-05,2.56311309512203e-05,0.000100458662198211
"2015-12-11",2.44461696059517e-05,3.20233025188355e-05,0.000106827071735482
"2015-12-18",1.93066725089341e-05,2.74374971016567e-05,0.000107615569070241
"2015-12-25",1.50007751720249e-05,1.72256771844292e-05,8.19837295755743e-05
"2016-01-01",1.11115727106093e-05,1.87541561211813e-05,8.64175726404959e-05
